AuthorName,AuthorID,WorkName,WorkType,Series,NumberInSeries,PublishedOn,Genre,PageCount,ReadScore,GoodreadsScore,WorkID,StartDate,FinishDate,ReadStatus
Adam Nevill,6,Last Days,Novel,,,2012,Fiction: Horror,531,3.75,3.77,8,,,FINISHED
Adam Nevill,6,The Ritual,Novel,,,2011,Fiction: Horror: Folk,418,3.9,3.6,7,,,FINISHED
Adam Roberts,7,Get Started in Writing Science Fiction and Fantasy: How to Write Compelling and Imaginative Sci-Fi and Fantasy Fiction,Non-Fiction,,,2014,Non-Fiction: Writing,256,4.0,4.19,9,,,FINISHED
Adam Roberts,7,The History of Science Fiction,Non-Fiction,,,2005,Non-Fiction: Writing,537,,4.06,10,2025-02-19,,IN PROGRESS
Adolfo Bioy Casares,8,La invención de Morel,Novella,,,1940,Fiction: Magic Realism,112,4.2,4.02,11,,,FINISHED
Adrian Tchaikovsky,9,Spiderlight,Novel,,,2016,Fiction: Fantasy: High,298,3.2,4.12,12,,,FINISHED
Agatha Christie,18,And Then There Where None,Novel,,,1939,Fiction: Crime,264,3.5,4.28,108,,,FINISHED
Akiyuki Nosaka,326,The Grave of the Fireflies,Short Story,,,1967,Fiction: Historical,18,4.81,4.06,109,,,FINISHED
Alan Moore,19,Batman: The Killing Joke,Graphic Novel,,,1988,Fiction: Science Fiction,50,4.0,4.37,115,,,FINISHED
Alan Moore,19,From Hell,Graphic Novel,,,1999,Fiction: Historical,560,3.9,4.19,114,,,FINISHED
Alan Moore,19,Neonomicon,Graphic Novel,,,2011,Fiction: Horror: Cosmic,176,3.75,3.46,112,,,FINISHED
Alan Moore,19,Providence,Graphic Novel,,,2021,Fiction: Horror: Cosmic,480,4.9,4.19,113,,,FINISHED
Alan Moore,19,The Courtyard,Graphic Novel,,,2003,Fiction: Horror: Cosmic,56,3.9,3.6,111,,,FINISHED
Aldous Huxley,494,Brave New World,Novel,,,1932,Fiction: Science Fiction: Dystopian,268,4.2,3.99,121,,,FINISHED
Aldous Huxley,494,The Devils of Loundun,Non-Fiction,,,1952,Non-Fiction: History,400,3.75,3.86,1460,2025-12-05,2025-12-18,FINISHED
Alejandro Jodorowsky,547,The Incal,Graphic Novel,,,1981,Fiction: Science Fiction,307,4.7,4.12,123,,,FINISHED
Alfred Bester,439,Hobson's Choice,Short Story,,,1952,Fiction: Science Fiction,9,3.9,3.84,128,,,FINISHED
Alfred Bester,439,The Demolished Man,Novel,,,1953,Fiction: Science Fiction,250,4.0,3.97,129,,,FINISHED
Alfred Lansing,570,Endurance: Shackleton's Incredible Voyage,Non-Fiction,,,1959,Non-Fiction: History,282,4.4,4.44,131,,,FINISHED
Algernon Blackwood,126,The Willows,Novel,,,1907,Fiction: Horror,105,3.75,4.07,132,,,FINISHED
Andrzej Sapkowski,20,Baptism of Fire,Novel,The Witcher,3.0,1996,Fiction: Fantasy: High,349,4.0,4.26,143,,,FINISHED
Andrzej Sapkowski,20,Blood of Elves,Novel,The Witcher,1.0,1994,Fiction: Fantasy: High,398,4.0,4.1,144,,,FINISHED
Andrzej Sapkowski,20,Lady of the Lake,Novel,The Witcher,5.0,1999,Fiction: Fantasy: High,531,4.5,4.09,1445,,,FINISHED
Andrzej Sapkowski,20,Sword of Destiny,Novel,,,1992,Fiction: Fantasy: High,405,4.2,4.27,146,,,FINISHED
Andrzej Sapkowski,20,The Last Wish,Novel,,,1993,Fiction: Fantasy: High,400,4.5,4.14,145,,,FINISHED
Andrzej Sapkowski,20,The Tower of Swallows,Novel,The Witcher,4.0,1997,Fiction: Fantasy: High,448,4.5,4.22,147,,,FINISHED
Andrzej Sapkowski,20,Time of Contempt,Novel,The Witcher,2.0,1995,Fiction: Fantasy: High,331,4.0,4.16,142,,,FINISHED
André Carneiro,270,The Mute,Short Story,,,1966,Fiction: Science Fiction,7,2.5,2.71,139,,,FINISHED
Angélica Gorodischer,241,Kalpa Imperial,Novel,,,1983,Fiction: Science Fiction,246,3.75,3.94,152,,,FINISHED
Ann Rule,476,The Stranger Beside Me,Non-Fiction,,,1980,Non-Fiction: Crime,618,4.2,4.14,155,,,FINISHED
Anna Wul,295,The Restaurant at the End of the Universe: Laba Porridge,Short Story,,,2014,Fiction: Science Fiction,14,3.0,3.85,156,,,FINISHED
Annie Jacobsen,333,Nuclear War: A Scenario,Non-Fiction,,,2024,Non-Fiction: Politics,416,4.8,4.44,161,2025-08-05,2025-08-09,FINISHED
Anthony Doerr,373,All the Light We Cannot See,Novel,,,2014,Fiction: Historical,531,2.0,4.32,165,,,NOT FINISHED
Antoine de Saint-Exupéry,723,The Little Prince,Novel,,,1943,Fiction: Fantasy,96,4.0,4.32,166,,,FINISHED
Arkady Strugatsky,188,Roadside Picnic,Novel,,,1972,Fiction: Science Fiction: Apocalyptic,145,4.7,4.15,168,,,FINISHED
Art Spiegelman,317,Maus,Graphic Novel,,,1980,Fiction: Historical,296,4.83,4.58,169,,,FINISHED
Arthur C. Clarke,21,2001: A Space Odyssey,Novel,,,1968,Fiction: Science Fiction,297,4.7,4.17,174,,,FINISHED
Arthur C. Clarke,21,Childhood's End,Novel,,,1953,Fiction: Science Fiction,224,4.7,4.12,170,,,FINISHED
Arthur C. Clarke,21,Rendezvous with Rama,Novel,Rama,1.0,1973,Fiction: Science Fiction,243,4.2,4.12,172,,,FINISHED
Arthur C. Clarke,21,The Nine Billion Names of God,Short Story,,,1953,Fiction: Science Fiction,7,4.56,4.06,62,2025-02-08,2025-02-08,FINISHED
Arthur Conan Doyle,25,The Hound of the Baskervilles,Novel,Sherlock Holmes,5.0,1902,Fiction: Crime,256,4.0,4.13,180,,,FINISHED
Arthur Conan Doyle,25,The Sign of Four,Novel,Sherlock Holmes,2.0,1890,Fiction: Crime,129,4.0,3.9,178,,,FINISHED
Arthur Machen,483,The Great God Pan and Other Horror Stories,Anthology,,,1894,Fiction: Horror: Cosmic,389,3.75,3.9,184,,,FINISHED
August Derleth,777,Something in Wood,Short Story,,,1948,Fiction: Horror: Cosmic,16,3.5,3.73,1449,2025-09-27,2025-09-27,FINISHED
August Derleth,777,The House in the Valley,Novelette,,,1953,Fiction: Horror: Cosmic,33,3.5,3.73,1451,2025-09-28,2025-09-28,FINISHED
August Derleth,777,The Return of Hastur,Novelette,,,1939,Fiction: Horror: Cosmic,33,3.5,3.73,1447,2025-09-23,2025-09-24,FINISHED
August Derleth,777,The Sandwin Compact,Novelette,,,1940,Fiction: Horror: Cosmic,28,3.0,3.73,1450,2025-09-28,2025-09-28,FINISHED
August Derleth,777,The Seal of R'lyeh,Novelette,,,1957,Fiction: Horror: Cosmic,31,3.5,3.73,1452,2025-09-28,2025-09-29,FINISHED
August Derleth,777,The Whippoorwills in the Hills,Novelette,,,1948,Fiction: Horror: Cosmic,28,3.5,3.73,1448,2025-09-24,2025-09-26,FINISHED
Baoshu,367,What Has Passed Shall in Kinder Light Appear,Novella,,,2015,Fiction: Science Fiction,72,3.5,3.85,187,,,FINISHED
Barbara Hambly,210,Shadows Over Baker Street,Anthology,,,2003,Fiction: Horror: Cosmic,438,2.5,4.09,898,,,NOT FINISHED
Basil Copper,436,Shaft Number 247,Novelette,,,1980,Fiction: Horror: Cosmic,25,3.5,4.12,193,,,FINISHED
Bernard Cornwell,69,The Last Kingdom,Novel,The Saxon Stories,1.0,2004,Fiction: Historical,333,2.25,4.27,197,,,NOT FINISHED
Blake Crouch,61,Dark Matter,Novel,,,2016,Fiction: Science Fiction,352,4.1,4.13,202,,,FINISHED
Boris Strugatsky,578,Roadside Picnic,Novel,,,1972,Fiction: Science Fiction: Apocalyptic,145,4.7,4.15,168,,,FINISHED
Bram Stoker,26,Dracula,Novel,,,1897,Fiction: Horror,488,4.8,4.01,206,,,FINISHED
Brandon Sanderson,418,The Final Empire,Novel,Mistborn,1.0,2006,Fiction: Fantasy: High,537,3.75,4.48,207,,,FINISHED
Brandon Sanderson,418,The Hero of Ages,Novel,Mistborn,3.0,2008,Fiction: Fantasy: High,572,3.25,4.53,208,,,FINISHED
Brandon Sanderson,418,The Way of Kings,Novel,The Stormlight Archive,1.0,2010,Fiction: Fantasy: High,1007,2.5,4.66,210,,,FINISHED
Brandon Sanderson,418,The Well of Ascension,Novel,Mistborn,2.0,2007,Fiction: Fantasy: High,578,3.5,4.38,209,,,FINISHED
Brian Bolland,419,Batman: The Killing Joke,Graphic Novel,,,1988,Fiction: Science Fiction,50,4.0,4.37,115,,,FINISHED
Brian Lumley,469,Necroscope,Novel,Necroscope,1.0,1986,Fiction: Horror,383,3.5,4.01,222,,,NOT FINISHED
Brian Lumley,469,The Burrowers Beneath,Novel,Titus Crow,1.0,1974,Fiction: Horror: Cosmic,199,4.0,3.66,220,,,FINISHED
Brian M. Stableford,683,Shadows Over Baker Street,Anthology,,,2003,Fiction: Horror: Cosmic,438,2.5,4.09,898,,,NOT FINISHED
Brian Stableford,766,The Holocaust of Ecstasy,Short Story,,,2010,Fiction: Horror: Cosmic,18,3.25,3.56,1430,2025-09-15,2025-09-15,FINISHED
Brian W. Aldiss,53,A Matter of Mathematics,Short Story,,,2001,Fiction: Science Fiction,15,3.5,3.48,84,2024-12-15,2024-12-15,FINISHED
Brian W. Aldiss,53,A Whiter Mars: A Socratic Dialogue of Times to Come,Short Story,,,1995,Fiction: Science Fiction,14,3.5,3.48,83,2024-12-19,2024-12-20,FINISHED
Brian W. Aldiss,53,Apogee Again,Short Story,,,2000,Fiction: Science Fiction: Apocalyptic,9,3.5,3.48,228,,,FINISHED
Brian W. Aldiss,53,Becoming a Full Butterfly,Short Story,,,1995,Fiction: Science Fiction,22,3.0,3.48,78,2024-12-19,2024-12-19,FINISHED
Brian W. Aldiss,53,Beef,Short Story,,,2001,Fiction: Science Fiction,4,3.5,3.48,226,,,FINISHED
Brian W. Aldiss,53,Cognitive Ability and the Light Bulb,Short Story,,,2000,Fiction: Science Fiction,3,3.75,3.48,91,2024-12-19,2024-12-19,FINISHED
Brian W. Aldiss,53,Creatures of Apogee,Short Story,,,1977,Fiction: Science Fiction,4,3.5,3.6,225,,,FINISHED
Brian W. Aldiss,53,Dark Society,Short Story,,,1996,Fiction: Science Fiction,22,2.5,3.48,71,2024-12-19,2024-12-19,FINISHED
Brian W. Aldiss,53,Galaxy Zee,Short Story,,,2001,Fiction: Science Fiction,6,3.5,3.48,82,2024-12-19,2024-12-19,FINISHED
Brian W. Aldiss,53,III,Short Story,,,2001,Fiction: Science Fiction: Apocalyptic,5,4.0,3.48,227,,,FINISHED
Brian W. Aldiss,53,Marvells of Utopia,Short Story,,,2001,Fiction: Science Fiction,3,3.5,3.48,81,2024-12-19,2024-12-19,FINISHED
Brian W. Aldiss,53,Nothing in Life Is Ever Enough,Short Story,,,2000,Fiction: Science Fiction,17,3.5,3.48,234,,,FINISHED
Brian W. Aldiss,53,Steppenpferd,Short Story,,,2000,Fiction: Science Fiction,13,3.0,3.48,73,2024-12-18,2024-12-19,FINISHED
Brian W. Aldiss,53,Supertoys Last All Summer Long,Short Story,,,1969,Fiction: Science Fiction,11,4.5,3.48,229,,,FINISHED
Brian W. Aldiss,53,Supertoys When Winter Comes,Short Story,,,2001,Fiction: Science Fiction,11,4.0,3.48,230,,,FINISHED
Brian W. Aldiss,53,Supertoys in Other Seasons,Short Story,,,2001,Fiction: Science Fiction,13,4.2,3.48,231,,,FINISHED
Brian W. Aldiss,53,The Night That All Time Broke Out,Short Story,,,1967,Fiction: Science Fiction,16,4.0,4.17,232,,,FINISHED
Brian W. Aldiss,53,The Old Mythyology,Short Story,,,2001,Fiction: Science Fiction: Apocalyptic,16,3.5,3.48,233,,,FINISHED
Brian W. Aldiss,53,The Pause Button,Short Story,,,1997,Fiction: Science Fiction,3,4.0,3.48,102,2024-12-15,2024-12-15,FINISHED
Brian W. Aldiss,53,Three Types of Solitude,Short Story,,,2001,Fiction: Science Fiction,18,3.0,3.48,77,2024-12-15,2024-12-15,FINISHED
Bruce Sterling,606,Mozart in Mirrorshades,Short Story,,,1985,Fiction: Science Fiction: Cyberpunk,16,4.0,3.95,793,,,FINISHED
Bruce Sterling,606,"Red Star, Winter Orbit",Short Story,,,1983,Fiction: Science Fiction: Cyberpunk,21,4.0,3.95,1394,,,FINISHED
Bruce Sterling,606,The Unthinkable,Short Story,,,1991,Fiction: Horror: Cosmic,6,3.0,4.12,236,,,FINISHED
C. B. Jones,776,The Rules of the Road,Novel,,,2021,Fiction: Horror,336,4.0,3.85,1444,2025-09-16,2025-09-21,FINISHED
C. L. Werner,490,Blood Money,Novel,Brunner the Bounty Hunter,1.0,2003,Fiction: Fantasy: Grimdark,288,3.75,3.94,240,,,NOT FINISHED
C. S. Lewis,293,"The Lion, the Witch and the Wardrobe",Novel,Chronicles of Narnia,1.0,1950,Fiction: Fantasy,206,1.0,4.23,243,,,FINISHED
Caitlín R. Kiernan,599,Agents of Dreamland,Novella,Tinfoil Dossier,1.0,2017,Fiction: Horror: Cosmic,128,4.1,3.64,245,,,FINISHED
Caitlín R. Kiernan,599,Shadows Over Baker Street,Anthology,,,2003,Fiction: Horror: Cosmic,438,2.5,4.09,898,,,NOT FINISHED
Caleb Stephens,752,The Crowing,Short Story,,,2022,Fiction: Horror,17,4.0,3.71,1415,2025-06-03,2025-06-03,FINISHED
Carl Sagan,266,Contact,Novel,,,1985,Fiction: Science Fiction: Hard,375,4.5,4.15,248,,,FINISHED
Carlos Gardini,121,El libro de la tierra negra,Novel,,,1993,Fiction: Science Fiction,259,3.0,4.19,250,,,NOT FINISHED
Charles Dickens,561,A Christmas Carol,Novel,,,1843,Fiction: Fantasy,184,3.9,4.08,253,,,FINISHED
Charles Petzold,730,Code: The Hidden Language of Computer Hardware and Software,Non-Fiction,,,1999,Non-Fiction: Science,396,4.25,4.39,255,,,FINISHED
Charles Stross,79,A Colder War,Novelette,,,2000,Fiction: Horror: Cosmic,32,4.0,3.9,257,,,FINISHED
Chen Qiufan,715,A History of Future Illnesses,Novelette,,,2012,Fiction: Science Fiction,32,4.0,3.85,262,,,FINISHED
Chen Qiufan,715,Coming of the Light,Novelette,,,2012,Fiction: Science Fiction,30,3.5,3.85,261,,,FINISHED
Cheng Jingbo,346,Under a Dangling Sky,Short Story,,,2004,Fiction: Science Fiction,12,3.0,3.85,263,,,FINISHED
Christopher Buehlman,587,Between Two Fires,Novel,,,2012,Fiction: Historical,432,,4.27,269,2025-08-21,,IN PROGRESS
Christopher Golden,368,Uncharted: The Fourth Labyrinth,Novel,,,2011,Fiction: Adventure,322,2.0,3.68,271,,,FINISHED
Christopher Vogler,46,The Writer's Journey: Mythic Structure for Writers,Non-Fiction,,,1992,Non-Fiction: Writing,325,3.5,4.1,48,2025-03-14,2025-06-11,NOT FINISHED
Chuck Hogan,384,The Fall,Novel,The Strain,2.0,2010,Fiction: Horror,308,3.0,3.82,274,,,FINISHED
Chuck Hogan,384,The Night Eternal,Novel,The Strain,3.0,2011,Fiction: Horror,371,2.5,3.71,275,,,FINISHED
Chuck Hogan,384,The Strain,Novel,The Strain,1.0,2009,Fiction: Horror,403,3.5,3.79,276,,,FINISHED
Cixin Liu,696,Death's End,Novel,Remembrance of Earth's Past,3.0,2010,Fiction: Science Fiction,604,4.7,4.43,283,,,FINISHED
Cixin Liu,696,Moonlight,Short Story,,,2009,Fiction: Science Fiction,18,3.5,3.85,279,,,FINISHED
Cixin Liu,696,The Dark Forest,Novel,Remembrance of Earth's Past,2.0,2008,Fiction: Science Fiction,512,4.7,4.42,282,,,FINISHED
Cixin Liu,696,The Three-Body Problem,Novel,Remembrance of Earth's Past,1.0,2006,Fiction: Science Fiction,472,4.7,4.09,281,,,FINISHED
Clark Ashton Smith,10,Morthylla,Short Story,,,1953,Fiction: Horror,10,3.9,4.23,285,2025-04-27,2025-04-27,FINISHED
Clark Ashton Smith,10,Necromancy in Naat,Novelette,,,1936,Fiction: Horror,21,4.5,4.23,21,,,FINISHED
Clark Ashton Smith,10,The Black Abbot of Puthuum,Novelette,,,1936,Fiction: Horror,23,3.9,4.23,290,2025-04-28,2025-04-29,FINISHED
Clark Ashton Smith,10,The Charnel God,Novelette,,,1934,Fiction: Horror,23,4.1,4.23,22,,,FINISHED
Clark Ashton Smith,10,The Dark Eidolon,Novelette,,,1935,Fiction: Horror,29,4.0,4.23,23,,,FINISHED
Clark Ashton Smith,10,The Death of Ilalotha,Short Story,,,1937,Fiction: Horror,12,4.0,4.23,17,,,FINISHED
Clark Ashton Smith,10,The Empire of the Necromancers,Short Story,,,1932,Fiction: Horror,10,3.5,4.23,15,,,FINISHED
Clark Ashton Smith,10,The Garden of Adompha,Short Story,,,1938,Fiction: Horror,11,3.5,4.23,287,2025-09-23,2025-09-23,FINISHED
Clark Ashton Smith,10,The Isle of the Torturers,Short Story,,,1933,Fiction: Horror,16,4.0,4.23,288,2025-09-23,2025-09-23,FINISHED
Clark Ashton Smith,10,The Last Hieroglyph,Short Story,,,1935,Fiction: Horror,18,4.0,4.23,289,2025-09-22,2025-09-22,FINISHED
Clark Ashton Smith,10,The Master of Crabs,Short Story,,,1948,Fiction: Horror,15,3.75,4.23,19,,,FINISHED
Clark Ashton Smith,10,The Tomb-Spawn,Short Story,,,1934,Fiction: Horror,10,4.1,4.23,286,2025-05-08,2025-05-08,FINISHED
Clark Ashton Smith,10,The Voyage of King Euvoran,Novelette,,,1933,Fiction: Horror,26,3.0,4.23,291,2025-09-23,2025-09-23,FINISHED
Clark Ashton Smith,10,The Weaver in the Vault,Short Story,,,1934,Fiction: Horror,13,3.9,4.23,18,,,FINISHED
Clark Ashton Smith,10,The Witchcraft of Ulua,Short Story,,,1934,Fiction: Horror,11,4.15,4.23,16,,,FINISHED
Clark Ashton Smith,10,Xeethra,Novelette,,,1934,Fiction: Horror,20,4.0,4.23,20,,,FINISHED
Clark Ashton Smith,10,Zothique,Poetry,,,1951,Fiction: Horror,2,3.0,4.23,14,,,FINISHED
Clive Barker,28,Pig Blood Blues,Novelette,,,1984,Fiction: Horror,29,3.5,4.04,86,2024-12-26,2024-12-26,FINISHED
Clive Barker,28,The Book of Blood,Short Story,,,1984,Fiction: Horror,11,4.0,4.04,103,2024-12-23,2024-12-23,FINISHED
Clive Barker,28,The Hellbound Heart,Novel,,,1986,Fiction: Horror,164,4.1,4.07,296,,,FINISHED
Clive Barker,28,The Midnight Meat Train,Novelette,,,1984,Fiction: Horror,25,4.25,4.04,66,2024-12-23,2024-12-24,FINISHED
Clive Barker,28,The Thief of Always,Novel,,,1992,Fiction: Horror,225,4.0,4.21,104,2025-01-07,2025-01-09,FINISHED
Clive Barker,28,The Yattering and Jack,Novelette,,,1984,Fiction: Horror,20,3.5,4.04,85,2024-12-25,2024-12-25,FINISHED
Colin Wilson,464,The Occult,Non-Fiction,,,1971,Non-Fiction: Religion,628,1.0,3.92,302,,,NOT FINISHED
Colleen McCullough,306,The First Man in Rome,Novel,Masters of Rome,1.0,1990,Fiction: Historical,1076,3.2,4.12,304,2025-06-16,2025-07-11,NOT FINISHED
Collin Kelly,520,Batman Beyond: Neo-Year,Graphic Novel,,,2022,Fiction: Science Fiction: Cyberpunk,208,4.0,3.91,305,,,FINISHED
Colum McCann,785,This Side of Brightness,Novel,,,1998,Fiction: Literary,304,4.0,3.86,1463,2025-11-17,2025-11-22,FINISHED
Connie Willis,725,Doomsday Book,Novel,Oxford Time Travel,1.0,1992,Fiction: Science Fiction,578,3.0,4.03,310,,,NOT FINISHED
Cordwainer Smith,325,"Think Blue, Count Two",Short Story,The Instrumentality of Mankind,0.0,1963,Fiction: Science Fiction,36,3.5,3.93,313,,,FINISHED
Cordwainer Smith,325,Under Old Earth,Novelette,The Instrumentality of Mankind,0.0,1966,Fiction: Science Fiction,24,4.0,4.13,312,,,FINISHED
Cormac McCarthy,62,The Road,Novel,,,2006,Fiction: Science Fiction: Apocalyptic,241,4.0,3.99,317,,,FINISHED
Dan Abnett,423,Malleus,Novel,Eisenhorn,2.0,2001,Fiction: Science Fiction: Grimdark,288,3.0,4.23,327,,,FINISHED
Dan Abnett,423,Missing in Action,Short Story,,,2001,Fiction: Science Fiction: Grimdark,30,4.0,4.08,325,,,FINISHED
Dan Abnett,423,Xenos,Novel,Eisenhorn,1.0,2001,Fiction: Science Fiction: Grimdark,288,4.0,4.16,326,,,FINISHED
Dan Brown,94,Angels & Demons,Novel,Robert Langdon,1.0,2000,Fiction: Thriller,736,4.0,3.94,335,,,FINISHED
Dan Brown,94,Deception Point,Novel,,,2001,Fiction: Thriller,556,3.0,3.75,334,,,FINISHED
Dan Brown,94,Digital Fortress,Novel,,,1998,Fiction: Thriller,510,3.0,3.69,333,,,FINISHED
Dan Brown,94,Inferno,Novel,Robert Langdon,4.0,2013,Fiction: Thriller,463,3.0,3.88,330,,,FINISHED
Dan Brown,94,Origin,Novel,Robert Langdon,5.0,2017,Fiction: Thriller,461,3.0,3.89,329,,,FINISHED
Dan Brown,94,The Da Vinci Code,Novel,Robert Langdon,2.0,2003,Fiction: Thriller,489,3.0,3.91,331,,,FINISHED
Dan Brown,94,The Lost Symbol,Novel,Robert Langdon,3.0,2009,Fiction: Thriller,509,3.0,3.75,332,,,FINISHED
Dan Brown,94,The Secret of Secrets,Novel,Robert Langdon,6.0,2025,Fiction: Thriller,677,2.0,3.94,1456,2026-01-07,2026-01-22,FINISHED
Dan Simmons,29,Carrion Comfort,Novel,,,1989,Fiction: Horror,884,4.95,3.91,343,,,FINISHED
Dan Simmons,29,Hyperion,Novel,Hyperion Cantos,1.0,1989,Fiction: Science Fiction,500,4.5,4.26,338,,,FINISHED
Dan Simmons,29,Summer of Night,Novel,Season of Horror,1.0,1991,Fiction: Horror,600,4.0,4.04,340,,,FINISHED
Dan Simmons,29,The Terror,Novel,,,2007,Fiction: Horror,769,4.0,4.07,342,,,FINISHED
Daniel Abraham,767,Abaddon's Gate,Novel,The Expanse,3.0,2013,Fiction: Science Fiction: Space Opera,539,4.25,4.27,645,,,FINISHED
Daniel Abraham,767,Caliban's War,Novel,The Expanse,2.0,2012,Fiction: Science Fiction: Space Opera,624,4.0,4.38,648,,,FINISHED
Daniel Abraham,767,Leviathan Wakes,Novel,The Expanse,1.0,2011,Fiction: Science Fiction: Space Opera,592,4.0,4.3,647,,,FINISHED
Daniel Keyes,218,Flowers for Algernon,Novel,,,1966,Fiction: Science Fiction,311,4.9,4.21,345,,,FINISHED
Daniel Suarez,58,Daemon,Novel,Daemon,1.0,2006,Fiction: Science Fiction,632,4.0,4.16,105,2025-02-01,2025-02-08,FINISHED
Dante Alighieri,349,Inferno,Novel,Robert Langdon,4.0,2013,Fiction: Thriller,463,3.0,3.88,330,,,FINISHED
Darrell Schweitzer,762,Ghost Dancing,Short Story,,,2010,Fiction: Horror: Cosmic,11,4.5,3.56,1425,2025-07-06,2025-07-06,FINISHED
David Brin,433,The Postman,Novel,,,1985,Fiction: Science Fiction: Apocalyptic,321,4.0,3.89,353,,,FINISHED
David Conyers,778,Cthulhu Reloaded,Anthology,The Collected Harrison Peel Stories,1.0,2021,Fiction: Horror: Cosmic,260,,4.0,1453,2025-09-29,,IN PROGRESS
David Ferguson,302,Shadows Over Baker Street,Anthology,,,2003,Fiction: Horror: Cosmic,438,2.5,4.09,898,,,NOT FINISHED
David Kushner,152,Masters of Doom: How Two Guys Created an Empire and Transformed Pop Culture,Non-Fiction,,,2003,Non-Fiction: Games,339,4.0,4.29,360,,,FINISHED
David M. Ewalt,353,Of Dice and Men: The Story of Dungeons & Dragons and the People Who Play It,Non-Fiction,,,2013,Non-Fiction: Games,276,4.7,3.72,361,,,FINISHED
David Mazzucchelli,400,Batman: Year One,Graphic Novel,,,1988,Fiction: Science Fiction,144,4.25,4.24,438,,,FINISHED
David Niall Wilson,694,Shadows Over Baker Street,Anthology,,,2003,Fiction: Horror: Cosmic,438,2.5,4.09,898,,,NOT FINISHED
David R. Bunch,610,Penance Day in Moderan,Short Story,,,1960,Fiction: Science Fiction,4,3.25,3.83,366,,,FINISHED
David Seltzer,81,The Omen,Novel,,,1976,Fiction: Horror,272,4.0,4.04,368,,,FINISHED
Dean Koontz,199,Phantoms,Novel,,,1983,Fiction: Horror,448,3.25,3.96,374,,,NOT FINISHED
Dennis Lehane,191,Mystic River,Novel,,,2001,Fiction: Crime,416,3.75,4.17,380,,,FINISHED
Dennis Lehane,191,Shutter Island,Novel,,,2003,Fiction: Mystery,369,4.2,4.12,379,,,FINISHED
Dennis Wheatley,407,They Used Dark Forces,Novel,,,1964,Fiction: Horror,670,3.0,3.64,382,,,NOT FINISHED
Dirk Wylie,60,The Mantle of Graag,Short Story,,,1996,Fiction: Horror: Cosmic,9,3.75,3.68,1088,,,FINISHED
Dmitry Glukhovsky,101,Metro 2033,Novel,Metro,1.0,2002,Fiction: Science Fiction: Apocalyptic,458,2.0,4.02,385,,,NOT FINISHED
Don Webb,757,Sanctuary,Short Story,,,2010,Fiction: Horror: Cosmic,19,3.5,3.56,1420,2025-06-30,2025-07-01,FINISHED
Doris Piserchia,358,Deathrights Deferred,Short Story,,,1976,Fiction: Science Fiction,16,3.5,3.41,391,,,FINISHED
Douglas Adams,254,The Hitchhiker's Guide to the Galaxy,Novel,The Hitchhiker's Guide to the Galaxy,1.0,1979,Fiction: Science Fiction,216,3.0,4.23,392,,,FINISHED
Douglas Adams,254,The Restaurant at the End of the Universe,Novel,The Hitchhiker's Guide to the Galaxy,2.0,1980,Fiction: Science Fiction,250,3.0,4.21,394,,,FINISHED
Douglas Coupland,376,Microserfs,Novel,,,1995,Fiction: Contemporary,466,4.25,3.89,395,,,FINISHED
Douglas Preston,335,Relic,Novel,Aloysius Pendergast,1.0,1995,Fiction: Crime,480,3.7,4.05,399,,,FINISHED
E. M. Forster,11,The Machine Stops,Novelette,,,1909,Fiction: Science Fiction,27,3.75,4.06,24,,,FINISHED
E. M. Forster,11,The Machine Stops,Novelette,,,1909,Fiction: Science Fiction,27,3.75,4.06,24,2025-04-03,2025-04-04,FINISHED
Edgar Allan Poe,105,The Fall of the House of Usher,Short Story,,,1839,Fiction: Horror,36,3.0,3.88,401,,,FINISHED
Edward Rutherfurd,689,Sarum: The Novel of England,Novel,,,1987,Fiction: Historical,912,3.5,4.08,405,,,FINISHED
Elizabeth Bear,66,Shadows Over Baker Street,Anthology,,,2003,Fiction: Horror: Cosmic,438,2.5,4.09,898,,,NOT FINISHED
Elizabeth Engstrom,750,When Darkness Loves Us,Novelette,,,1985,Fiction: Horror,65,4.15,4.02,1411,2025-05-08,2025-05-10,FINISHED
Elizabeth Kolbert,448,The Sixth Extinction: An Unnatural History,Non-Fiction,,,2014,Non-Fiction: Biology,336,4.5,4.15,407,,,FINISHED
Elizabeth Kostova,138,The Historian,Novel,,,2005,Fiction: Fantasy,704,4.1,3.8,408,,,FINISHED
Elizabeth Strout,783,Olive Kitteridge,Novel,,,2008,Fiction: Literary,270,3.75,3.86,1459,2025-12-18,2025-12-24,FINISHED
Ellis Peters,296,A Morbid Taste for Bones,Novel,Chronicles of Brother Cadfael,1.0,1977,Fiction: Historical,197,3.5,3.97,409,,,FINISHED
Emem,695,Hybrid Nature,Graphic Novel,Renaissance,5.0,2023,Fiction: Science Fiction: Apocalyptic,58,4.0,4.06,444,,,FINISHED
Emem,695,Interzone,Graphic Novel,Renaissance,2.0,2019,Fiction: Science Fiction: Apocalyptic,56,4.0,3.98,442,,,FINISHED
Emem,695,Permafrost,Graphic Novel,Renaissance,3.0,2020,Fiction: Science Fiction: Apocalyptic,57,4.5,4.01,443,,,FINISHED
Emem,695,Sui Juris,Graphic Novel,Renaissance,4.0,2021,Fiction: Science Fiction: Apocalyptic,56,4.0,4.0,441,,,FINISHED
Emem,695,The Uprooted,Graphic Novel,Renaissance,1.0,2018,Fiction: Science Fiction: Apocalyptic,59,3.8,3.85,445,,,FINISHED
Emily St. John Mandel,159,Station Eleven,Novel,,,2014,Fiction: Science Fiction: Apocalyptic,333,4.2,4.07,410,,,FINISHED
Ernest Cline,223,Armada,Novel,,,2015,Fiction: Science Fiction,355,2.0,3.55,415,,,NOT FINISHED
Ernest Cline,223,Ready Player One,Novel,Ready Player One,1.0,2011,Fiction: Science Fiction,374,4.3,4.23,417,,,FINISHED
Esther M. Friesner,98,Love's Eldritch Ichor,Novelette,,,1990,Fiction: Horror: Cosmic,21,3.0,4.12,418,,,FINISHED
F. Gwynplaine MacIntyre,446,Shadows Over Baker Street,Anthology,,,2003,Fiction: Horror: Cosmic,438,2.5,4.09,898,,,NOT FINISHED
F. Paul Wilson,600,Black Wind,Novel,,,1988,Fiction: Horror,433,3.5,4.27,422,2025-05-21,2025-06-11,NOT FINISHED
F. Paul Wilson,600,The Barrens,Novella,,,1989,Fiction: Horror: Cosmic,51,4.92,4.12,420,,,FINISHED
F. Paul Wilson,600,The Keep,Novel,,,1981,Fiction: Horror,403,3.5,3.99,421,,,FINISHED
Fei Dao,667,The Robot Who Liked to Tell Tall Tales,Novelette,,,2017,Fiction: Science Fiction,26,3.0,3.85,424,,,FINISHED
Felipe Pigna,662,La voz del gran jefe: Vida y pensamiento de José de San Martín,Non-Fiction,,,2015,Non-Fiction: History,556,3.25,4.35,427,,,NOT FINISHED
Felix Blackwell,13,The Church Beneath the Roots,Novel,,,2024,Fiction: Horror,324,4.0,4.18,26,2024-12-27,2025-01-04,FINISHED
Frank Belknap Long,54,John Dee's Necronomicon: A Fragment,Short Story,,,1996,Fiction: Horror: Cosmic,1,3.5,3.68,87,2024-12-21,2024-12-21,FINISHED
Frank Herbert,30,Dune,Novel,Dune,1.0,1965,Fiction: Science Fiction,658,4.9,4.27,437,,,FINISHED
Frank Herbert,30,Dune Messiah,Novel,Dune,2.0,1969,Fiction: Science Fiction,337,3.6,3.89,435,,,FINISHED
Frank Miller,239,Batman: Year One,Graphic Novel,,,1988,Fiction: Science Fiction,144,4.25,4.24,438,,,FINISHED
Franz Kafka,780,The Metamorphosis,Novella,,,1915,Fiction: Literary,72,3.0,3.91,1457,2026-01-04,2026-01-07,FINISHED
Fred Brooks,472,The Mythical Man-Month: Essays on Software Engineering,Non-Fiction,,,1975,Non-Fiction: Science,322,3.5,4.01,439,,,NOT FINISHED
Fred Chappell,294,Remnants,Novella,,,2010,Fiction: Horror: Cosmic,56,4.0,3.56,1433,2025-09-21,2025-09-22,FINISHED
Fred Chappell,294,The Adder,Short Story,,,1989,Fiction: Horror: Cosmic,18,3.0,4.12,440,,,FINISHED
Fred Duval,252,Hybrid Nature,Graphic Novel,Renaissance,5.0,2023,Fiction: Science Fiction: Apocalyptic,58,4.0,4.06,444,,,FINISHED
Fred Duval,252,Interzone,Graphic Novel,Renaissance,2.0,2019,Fiction: Science Fiction: Apocalyptic,56,4.0,3.98,442,,,FINISHED
Fred Duval,252,Permafrost,Graphic Novel,Renaissance,3.0,2020,Fiction: Science Fiction: Apocalyptic,57,4.5,4.01,443,,,FINISHED
Fred Duval,252,Sui Juris,Graphic Novel,Renaissance,4.0,2021,Fiction: Science Fiction: Apocalyptic,56,4.0,4.0,441,,,FINISHED
Fred Duval,252,The Uprooted,Graphic Novel,Renaissance,1.0,2018,Fiction: Science Fiction: Apocalyptic,59,3.8,3.85,445,,,FINISHED
Fred L. Pelton,55,The Sussex Manuscript,Novelette,,,1989,Fiction: Horror: Cosmic,50,2.75,3.68,72,2024-12-26,2024-12-26,NOT FINISHED
Frederik Pohl,478,The Day After the Day the Martians Came,Short Story,,,1967,Fiction: Science Fiction,10,3.0,4.17,449,,,FINISHED
Frederik Pohl,478,The Mantle of Graag,Short Story,,,1996,Fiction: Horror: Cosmic,9,3.75,3.68,1088,,,FINISHED
Frédéric Blanchard,454,Hybrid Nature,Graphic Novel,Renaissance,5.0,2023,Fiction: Science Fiction: Apocalyptic,58,4.0,4.06,444,,,FINISHED
Frédéric Blanchard,454,Interzone,Graphic Novel,Renaissance,2.0,2019,Fiction: Science Fiction: Apocalyptic,56,4.0,3.98,442,,,FINISHED
Frédéric Blanchard,454,Permafrost,Graphic Novel,Renaissance,3.0,2020,Fiction: Science Fiction: Apocalyptic,57,4.5,4.01,443,,,FINISHED
Frédéric Blanchard,454,Sui Juris,Graphic Novel,Renaissance,4.0,2021,Fiction: Science Fiction: Apocalyptic,56,4.0,4.0,441,,,FINISHED
Frédéric Blanchard,454,The Uprooted,Graphic Novel,Renaissance,1.0,2018,Fiction: Science Fiction: Apocalyptic,59,3.8,3.85,445,,,FINISHED
Gahan Wilson,217,H.P.L.,Novelette,,,1990,Fiction: Horror: Cosmic,30,3.0,4.12,458,,,FINISHED
Gawain Poet,546,Sir Gawain and the Green Knight,Novel,,,1350,Fiction: Fantasy,144,4.0,3.76,463,,,FINISHED
Gene Wolfe,82,Lord of the Land,Novelette,,,1990,Fiction: Horror: Cosmic,15,3.0,4.12,467,,,FINISHED
George Alex Effinger,182,When Gravity Fails,Novel,Marîd Audran,1.0,1986,Fiction: Science Fiction: Cyberpunk,288,3.5,3.91,469,,,NOT FINISHED
George Orwell,521,1984,Novel,,,1949,Fiction: Science Fiction,368,4.0,4.19,471,,,FINISHED
George Orwell,521,Animal Farm,Novel,,,1945,Fiction: Fantasy,128,4.0,3.99,470,,,FINISHED
George R. R. Martin,31,A Clash of Kings,Novel,A Song of Ice and Fire,2.0,1998,Fiction: Fantasy: Epic,784,3.2,4.42,475,,,FINISHED
George R. R. Martin,31,A Dance with Dragons,Novel,A Song of Ice and Fire,5.0,2011,Fiction: Fantasy: Epic,1125,3.8,4.34,478,,,FINISHED
George R. R. Martin,31,A Feast for Crows,Novel,A Song of Ice and Fire,4.0,2005,Fiction: Fantasy: Epic,1060,4.2,4.16,477,,,FINISHED
George R. R. Martin,31,A Game of Thrones,Novel,A Song of Ice and Fire,1.0,1996,Fiction: Fantasy: Epic,835,4.4,4.44,476,,,FINISHED
George R. R. Martin,31,A Storm of Swords,Novel,A Song of Ice and Fire,3.0,2000,Fiction: Fantasy: Epic,1177,4.6,4.54,479,,,FINISHED
Gerardo Bartolomé,699,El límite de las mentiras,Novel,,,2009,Fiction: Historical,256,4.0,4.24,480,,,FINISHED
Gilles Thomas,244,Ground Zero,Graphic Novel,Savage Highway,3.0,2017,Fiction: Science Fiction: Apocalyptic,56,3.25,3.51,483,,,FINISHED
Gilles Thomas,244,Hit the Road,Graphic Novel,Savage Highway,1.0,2015,Fiction: Science Fiction: Apocalyptic,55,3.25,3.49,482,,,FINISHED
Gilles Thomas,244,Trouble Halfway,Graphic Novel,Savage Highway,2.0,2015,Fiction: Science Fiction: Apocalyptic,55,3.25,3.64,481,,,FINISHED
Grady Hendrix,161,Paperbacks from Hell: The Twisted History of '70s and '80s Horror Fiction,Non-Fiction,,,2017,Non-Fiction: Writing,254,4.5,4.27,486,,,FINISHED
Grant Morrison,336,Nameless,Graphic Novel,,,2016,Fiction: Horror,193,4.0,3.5,489,,,FINISHED
Greg Bear,687,Petra,Short Story,,,1982,Fiction: Science Fiction: Cyberpunk,20,4.0,3.95,490,,,FINISHED
Gregory Benford,144,In the Ocean of Night,Novel,Galactic Center,1.0,1977,Fiction: Science Fiction,450,3.75,3.63,497,,,FINISHED
Gregory Frost,765,The Seals of New R'lyeh,Short Story,,,2010,Fiction: Horror: Cosmic,16,4.0,3.56,1429,2025-09-14,2025-09-15,FINISHED
Gu Shi,299,Reflection,Short Story,,,2013,Fiction: Science Fiction,16,3.0,3.85,500,,,FINISHED
Guillermo del Toro,189,The Fall,Novel,The Strain,2.0,2010,Fiction: Horror,308,3.0,3.82,274,,,FINISHED
Guillermo del Toro,189,The Night Eternal,Novel,The Strain,3.0,2011,Fiction: Horror,371,2.5,3.71,275,,,FINISHED
Guillermo del Toro,189,The Strain,Novel,The Strain,1.0,2009,Fiction: Horror,403,3.5,3.79,276,,,FINISHED
H. G. Wells,462,The Time Machine,Novel,,,1895,Fiction: Science Fiction,118,4.0,3.89,502,,,FINISHED
H. G. Wells,462,The War of the Worlds,Novel,,,1898,Fiction: Science Fiction,192,4.8,3.83,504,,,FINISHED
H. P. Lovecraft,32,A Reminiscence of Dr. Samuel Johnson,Short Story,,,1917,Fiction: Horror: Cosmic,5,3.25,4.34,571,,,FINISHED
H. P. Lovecraft,32,At the Mountains of Madness,Novel,,,1936,Fiction: Horror: Cosmic,194,4.0,3.82,570,,,FINISHED
H. P. Lovecraft,32,Azathoth,Short Story,,,1922,Fiction: Horror: Cosmic,1,3.5,4.34,508,,,FINISHED
H. P. Lovecraft,32,Beyond the Wall of Sleep,Short Story,,,1919,Fiction: Horror: Cosmic,7,4.26,4.34,545,,,FINISHED
H. P. Lovecraft,32,Celephaïs,Short Story,,,1922,Fiction: Horror: Cosmic,4,3.5,4.34,527,,,FINISHED
H. P. Lovecraft,32,Cool Air,Short Story,,,1928,Fiction: Horror: Cosmic,6,3.75,4.34,542,,,FINISHED
H. P. Lovecraft,32,Dagon,Short Story,,,1919,Fiction: Horror: Cosmic,5,4.7,4.34,528,,,FINISHED
H. P. Lovecraft,32,Ex Oblivione,Poetry,,,1921,Fiction: Horror: Cosmic,2,3.6,4.34,512,,,FINISHED
H. P. Lovecraft,32,Facts Concerning the Late Arthur Jermyn and His Family,Short Story,,,1921,Fiction: Horror: Cosmic,6,3.5,4.34,543,,,FINISHED
H. P. Lovecraft,32,From Beyond,Short Story,,,1934,Fiction: Horror: Cosmic,5,4.5,4.34,529,,,FINISHED
H. P. Lovecraft,32,He,Short Story,,,1926,Fiction: Horror: Cosmic,7,3.75,4.34,547,,,FINISHED
H. P. Lovecraft,32,Herbert West–Reanimator,Novelette,,,1943,Fiction: Horror: Cosmic,35,4.65,3.84,561,,,FINISHED
H. P. Lovecraft,32,History of the Necronomicon,Short Story,,,1938,Fiction: Horror: Cosmic,1,4.2,4.34,506,,,FINISHED
H. P. Lovecraft,32,Hypnos,Short Story,,,1922,Fiction: Horror: Cosmic,5,3.5,4.34,539,,,FINISHED
H. P. Lovecraft,32,Ibid,Short Story,,,1938,Fiction: Horror: Cosmic,3,3.25,4.34,520,,,FINISHED
H. P. Lovecraft,32,In the Vault,Short Story,,,1925,Fiction: Horror: Cosmic,5,3.75,4.34,534,,,FINISHED
H. P. Lovecraft,32,Memory,Poetry,,,1919,Fiction: Horror: Cosmic,1,3.25,4.34,509,,,FINISHED
H. P. Lovecraft,32,Nyarlathotep,Poetry,,,1920,Fiction: Horror: Cosmic,2,3.25,4.34,513,,,FINISHED
H. P. Lovecraft,32,Old Bugs,Short Story,,,1959,Fiction: Horror: Cosmic,5,3.75,4.34,535,,,FINISHED
H. P. Lovecraft,32,Pickman's Model,Short Story,,,1927,Fiction: Horror: Cosmic,8,4.25,4.34,549,,,FINISHED
H. P. Lovecraft,32,Polaris,Short Story,,,1920,Fiction: Horror: Cosmic,3,3.75,4.34,516,,,FINISHED
H. P. Lovecraft,32,Sweet Ermengarde,Short Story,,,1943,Fiction: Horror: Cosmic,10,2.75,4.34,554,,,FINISHED
H. P. Lovecraft,32,The Alchemist,Short Story,,,1916,Fiction: Horror: Cosmic,8,4.0,4.34,550,,,FINISHED
H. P. Lovecraft,32,The Book,Poetry,,,1934,Fiction: Horror: Cosmic,1,4.0,4.34,507,,,FINISHED
H. P. Lovecraft,32,The Call of Cthulhu,Novelette,,,1928,Fiction: Horror: Cosmic,43,4.91,3.96,562,,,FINISHED
H. P. Lovecraft,32,The Case of Charles Dexter Ward,Novel,,,1943,Fiction: Horror: Cosmic,128,4.0,4.13,567,,,FINISHED
H. P. Lovecraft,32,The Cats of Ulthar,Short Story,,,1920,Fiction: Horror: Cosmic,2,4.25,4.34,510,,,FINISHED
H. P. Lovecraft,32,The Colour Out of Space,Novelette,,,1927,Fiction: Horror: Cosmic,78,4.5,4.03,566,,,FINISHED
H. P. Lovecraft,32,The Descendant,Short Story,,,1926,Fiction: Horror: Cosmic,3,3.75,4.34,517,,,FINISHED
H. P. Lovecraft,32,The Doom that Came to Sarnath,Short Story,,,1920,Fiction: Horror: Cosmic,4,4.0,4.34,522,,,FINISHED
H. P. Lovecraft,32,The Dream-Quest of Unknown Kadath,Novella,,,1943,Fiction: Horror: Cosmic,60,4.0,4.34,564,,,FINISHED
H. P. Lovecraft,32,The Dreams in the Witch-House,Novelette,,,1933,Fiction: Horror: Cosmic,33,4.5,4.34,560,,,FINISHED
H. P. Lovecraft,32,The Dunwich Horror,Novelette,,,1929,Fiction: Horror: Cosmic,46,4.0,3.81,563,,,FINISHED
H. P. Lovecraft,32,The Evil Clergyman,Short Story,,,1939,Fiction: Horror: Cosmic,3,4.0,4.34,515,,,FINISHED
H. P. Lovecraft,32,The Festival,Short Story,,,1925,Fiction: Horror: Cosmic,6,4.5,4.34,540,,,FINISHED
H. P. Lovecraft,32,The Haunter of the Dark,Novelette,,,1936,Fiction: Horror: Cosmic,16,4.75,4.34,557,,,FINISHED
H. P. Lovecraft,32,The Horror at Red Hook,Novelette,,,1927,Fiction: Horror: Cosmic,24,4.5,4.34,559,,,FINISHED
H. P. Lovecraft,32,The Hound,Short Story,,,1924,Fiction: Horror: Cosmic,5,3.8,4.34,533,,,FINISHED
H. P. Lovecraft,32,The Lurking Fear,Novelette,,,1928,Fiction: Horror: Cosmic,13,4.2,4.34,556,,,FINISHED
H. P. Lovecraft,32,The Moon-Bog,Short Story,,,1926,Fiction: Horror: Cosmic,5,3.6,4.34,538,,,FINISHED
H. P. Lovecraft,32,The Music of Erich Zann,Short Story,,,1922,Fiction: Horror: Cosmic,5,4.3,4.34,530,,,FINISHED
H. P. Lovecraft,32,The Nameless City,Short Story,,,1921,Fiction: Horror: Cosmic,10,4.65,4.34,553,,,FINISHED
H. P. Lovecraft,32,The Other Gods,Short Story,,,1933,Fiction: Horror: Cosmic,3,3.7,4.34,518,,,FINISHED
H. P. Lovecraft,32,The Outsider,Short Story,,,1926,Fiction: Horror: Cosmic,4,4.6,4.34,521,,,FINISHED
H. P. Lovecraft,32,The Picture in the House,Short Story,,,1919,Fiction: Horror: Cosmic,5,4.2,4.34,531,,,FINISHED
H. P. Lovecraft,32,The Quest of Iranon,Short Story,,,1935,Fiction: Horror: Cosmic,4,3.8,4.34,524,,,FINISHED
H. P. Lovecraft,32,The Rats in the Walls,Novelette,,,1924,Fiction: Horror: Cosmic,12,4.2,4.34,555,,,FINISHED
H. P. Lovecraft,32,The Shadow Out of Time,Novella,,,1936,Fiction: Horror: Cosmic,136,3.5,3.87,568,,,FINISHED
H. P. Lovecraft,32,The Shadow Over Innsmouth,Novella,,,1936,Fiction: Horror: Cosmic,158,4.2,4.1,569,,,FINISHED
H. P. Lovecraft,32,The Shunned House,Novelette,,,1928,Fiction: Horror: Cosmic,5,4.0,4.34,532,,,FINISHED
H. P. Lovecraft,32,The Silver Key,Short Story,,,1929,Fiction: Horror: Cosmic,8,3.5,4.34,552,,,FINISHED
H. P. Lovecraft,32,The Statement of Randolph Carter,Short Story,,,1920,Fiction: Horror: Cosmic,4,3.75,4.34,525,,,FINISHED
H. P. Lovecraft,32,The Strange High House in the Mist,Short Story,,,1931,Fiction: Horror: Cosmic,6,4.1,4.34,541,,,FINISHED
H. P. Lovecraft,32,The Street,Short Story,,,1920,Fiction: Horror: Cosmic,4,4.0,4.34,523,,,FINISHED
H. P. Lovecraft,32,The Temple,Short Story,,,1925,Fiction: Horror: Cosmic,8,4.0,4.34,551,,,FINISHED
H. P. Lovecraft,32,The Terrible Old Man,Short Story,,,1921,Fiction: Horror: Cosmic,2,3.7,4.34,511,,,FINISHED
H. P. Lovecraft,32,The Thing on the Doorstep,Novelette,,,1937,Fiction: Horror: Cosmic,18,4.0,4.34,558,,,FINISHED
H. P. Lovecraft,32,The Tomb,Short Story,,,1922,Fiction: Horror: Cosmic,7,4.0,4.34,546,,,FINISHED
H. P. Lovecraft,32,The Transition of Juan Romero,Short Story,,,1919,Fiction: Horror: Cosmic,5,3.75,4.34,536,,,FINISHED
H. P. Lovecraft,32,The Tree,Short Story,,,1921,Fiction: Horror: Cosmic,3,3.5,4.34,519,,,FINISHED
H. P. Lovecraft,32,The Unnamable,Short Story,,,1925,Fiction: Horror: Cosmic,5,3.75,4.34,537,,,FINISHED
H. P. Lovecraft,32,The Very Old Folk,Short Story,,,1927,Fiction: Horror: Cosmic,7,3.6,4.34,548,,,FINISHED
H. P. Lovecraft,32,The Whisperer in Darkness,Novella,,,1931,Fiction: Horror: Cosmic,76,4.0,3.9,565,,,FINISHED
H. P. Lovecraft,32,The White Ship,Short Story,,,1919,Fiction: Horror: Cosmic,4,3.75,4.34,526,,,FINISHED
H. P. Lovecraft,32,What the Moon Brings,Poetry,,,1922,Fiction: Horror: Cosmic,2,3.25,4.34,514,,,FINISHED
Han Song,720,Salinger and the Koreans,Short Story,,,2016,Fiction: Science Fiction,10,4.0,3.85,572,,,FINISHED
Han Song,720,Submarines,Short Story,,,2014,Fiction: Science Fiction,12,3.0,3.85,573,,,FINISHED
Hao Jingfang,743,The New Year Train,Short Story,,,2017,Fiction: Science Fiction,8,3.5,3.85,575,,,FINISHED
Harlan Ellison,22,"""Repent, Harlequin!"" Said the Ticktockman",Short Story,,,1965,Fiction: Science Fiction,15,4.0,4.15,577,,,FINISHED
Harlan Ellison,22,A Boy and His Dog,Novella,,,1969,Fiction: Science Fiction: Apocalyptic,77,4.0,3.85,580,,,FINISHED
Harlan Ellison,22,"I Have No Mouth, and I Must Scream",Short Story,,,1967,Fiction: Science Fiction: Horror,17,4.99,3.69,578,,,FINISHED
Harlan Ellison,22,On the Slab,Short Story,,,1981,Fiction: Horror: Cosmic,9,3.0,4.12,576,,,FINISHED
Harlan Ellison,22,The Prowler in the City at the Edge of the World,Novelette,,,1967,Fiction: Science Fiction,30,4.0,4.17,579,,,FINISHED
Harry Harrison,574,By the Falls,Short Story,,,1970,Fiction: Science Fiction,5,3.75,3.81,582,,,FINISHED
Henry Bernard Davis Kettlewell,782,Charles Darwin and His World,Non-Fiction,,,1965,Non-Fiction: Science,144,3.75,3.9,1458,2025-12-24,2025-12-26,FINISHED
Henry James,424,The Turn of the Screw,Novel,,,1898,Fiction: Horror: Gothic,121,3.0,3.39,591,,,FINISHED
Hugh Howey,635,Wool,Novel,Silo,1.0,2012,Fiction: Science Fiction: Apocalyptic,509,2.0,4.22,598,,,NOT FINISHED
Ian Watson,756,The Walker in the Cemetery,Novelette,,,2010,Fiction: Horror: Cosmic,29,4.35,3.56,1419,2025-06-29,2025-06-30,FINISHED
Ildefonso Falcones,155,La catedral del mar,Novel,La catedral del mar,1.0,2006,Fiction: Historical,670,3.0,4.15,602,,,FINISHED
Ira Levin,640,Rosemary's Baby,Novel,,,1967,Fiction: Horror,308,4.7,4.04,603,,,FINISHED
Isaac Asimov,33,Foundation,Novel,Foundation,1.0,1951,Fiction: Science Fiction,244,4.2,4.17,607,,,FINISHED
Isaac Asimov,33,Foundation and Empire,Novel,Foundation,2.0,1952,Fiction: Science Fiction,256,4.2,4.22,608,,,FINISHED
Isaac Asimov,33,"I, Robot",Anthology,,,1950,Fiction: Science Fiction,224,4.0,4.21,606,,,FINISHED
Isaac Asimov,33,Second Foundation,Novel,Foundation,3.0,1953,Fiction: Science Fiction,256,3.25,4.27,609,,,NOT FINISHED
Isaac Asimov,33,The Last Question,Short Story,,,1956,Fiction: Science Fiction,14,4.79,4.55,60,2025-02-08,2025-02-08,FINISHED
Isabel Allende,579,El reino del dragón de oro,Novel,,,2003,Fiction: Magic Realism,432,3.75,3.88,611,,,FINISHED
J. D. Salinger,741,The Catcher in the Rye,Novel,,,1951,Fiction: Magic Realism,234,4.2,3.8,613,,,FINISHED
J. G. Ballard,236,Empire of the Sun,Novel,,,1984,Fiction: Historical,351,4.0,3.98,614,,,FINISHED
J. K. Rowling,118,Harry Potter and the Chamber of Secrets,Novel,Harry Potter,2.0,1998,Fiction: Fantasy: Low,352,4.5,4.43,616,,,FINISHED
J. K. Rowling,118,Harry Potter and the Deathly Hallows,Novel,Harry Potter,7.0,2007,Fiction: Fantasy: Low,759,3.0,4.62,620,,,FINISHED
J. K. Rowling,118,Harry Potter and the Goblet of Fire,Novel,Harry Potter,4.0,2000,Fiction: Fantasy: Low,724,3.5,4.57,619,,,FINISHED
J. K. Rowling,118,Harry Potter and the Half-Blood Prince,Novel,Harry Potter,6.0,2005,Fiction: Fantasy: Low,652,3.5,4.58,618,,,FINISHED
J. K. Rowling,118,Harry Potter and the Order of the Phoenix,Novel,Harry Potter,5.0,2003,Fiction: Fantasy: Low,912,3.5,4.5,621,,,FINISHED
J. K. Rowling,118,Harry Potter and the Philosopher's Stone,Novel,Harry Potter,1.0,1997,Fiction: Fantasy: Low,223,4.5,4.47,615,,,FINISHED
J. K. Rowling,118,Harry Potter and the Prisoner of Azakaban,Novel,Harry Potter,3.0,1999,Fiction: Fantasy: Low,435,4.2,4.58,617,,,FINISHED
J. L. Kiefer,755,Palette,Short Story,,,2022,Fiction: Horror,12,3.5,3.71,1418,2025-06-06,2025-06-06,FINISHED
J. R. R. Tolkien,573,The Fellowship of the Ring,Novel,The Lord of the Rings,1.0,1954,Fiction: Fantasy: Epic,432,4.92,4.39,623,,,FINISHED
J. R. R. Tolkien,573,The Hobbit,Novel,,,1937,Fiction: Fantasy: High,366,4.7,4.29,622,,,FINISHED
J. R. R. Tolkien,573,The Return of the King,Novel,The Lord of the Rings,3.0,1955,Fiction: Fantasy: Epic,432,4.9,4.56,624,,,FINISHED
J. R. R. Tolkien,573,The Two Towers,Novel,The Lord of the Rings,2.0,1954,Fiction: Fantasy: Epic,448,4.8,4.48,625,,,FINISHED
Jack Ketchum,150,The Girl Next Door,Novel,,,1989,Fiction: Horror,370,4.25,3.94,627,2025-05-10,2025-05-21,FINISHED
Jack Vance,559,The Dying Earth,Anthology,The Dying Earth,1.0,1950,Fiction: Fantasy: High,156,3.5,3.9,632,,,FINISHED
Jack Vance,559,The Mitr,Short Story,,,1953,Fiction: Science Fiction,4,3.25,4.19,630,,,FINISHED
Jack Vance,559,The Secret,Short Story,,,1966,Fiction: Science Fiction,5,3.5,4.19,631,,,FINISHED
James A. Michener,59,Space,Novel,,,1982,Fiction: Historical,864,2.0,4.0,634,,,NOT FINISHED
James A. Michener,59,The Source,Novel,,,1965,Fiction: Historical,1341,4.925,4.3,107,,2025-06-26,FINISHED
James Blish,714,A Case of Conscience,Novel,,,1958,Fiction: Science Fiction,256,3.0,3.62,636,,,FINISHED
James Clavell,76,Shogun,Novel,,,1975,Fiction: Historical,1152,3.0,4.4,637,,,NOT FINISHED
James Ellroy,386,My Dark Places,Non-Fiction,,,1996,Non-Fiction: Crime,427,3.0,3.85,638,,,FINISHED
James Lowder,211,Shadows Over Baker Street,Anthology,,,2003,Fiction: Horror: Cosmic,438,2.5,4.09,898,,,NOT FINISHED
James P. Blaylock,533,The Shadow on the Doorstep,Short Story,,,1986,Fiction: Horror: Cosmic,9,3.0,4.12,643,,,FINISHED
James Patrick Kelly,447,Solstice,Novelette,,,1985,Fiction: Science Fiction: Cyberpunk,39,3.0,3.95,644,,,FINISHED
James Tiptree,166,The Man Who Walked Home,Short Story,,,1972,Fiction: Science Fiction,10,3.75,4.18,650,,,FINISHED
James Tynion IV,709,The End of the World,Graphic Novel,The Department of Truth,1.0,2020,Fiction: Science Fiction,144,4.0,4.11,653,,,FINISHED
James Tynion IV,709,The Nice House on the Lake,Graphic Novel,,,2022,Fiction: Horror,400,4.75,4.33,652,,,FINISHED
Jaouen Salaün,316,Naissance,Graphic Novel,Elecboy,1.0,2021,Fiction: Science Fiction,64,3.0,2.96,657,,,FINISHED
Jason Schreier,339,"Blood, Sweat, and Pixels: The Triumphant, Turbulent Stories Behind How Video Games Are Made",Non-Fiction,,,2017,Non-Fiction: Games,353,4.4,4.21,661,,,FINISHED
Jason Stanley,779,How Fascism Works: The Politics of Us and Them,Non-Fiction,,,2018,Non-Fiction: Politics,218,3.75,4.25,1455,2026-01-22,2026-01-25,FINISHED
Jay Lake,764,Such Bright and Risen Madness in Our Names,Short Story,,,2010,Fiction: Horror: Cosmic,8,3.5,3.56,1428,2025-07-08,2025-07-08,FINISHED
Jeff Lemire,357,Original Sins,Graphic Novel,Gideon Falls,2.0,2019,Fiction: Horror: Cosmic,136,4.0,4.27,670,,,FINISHED
Jeff Lemire,357,Stations of the Cross,Graphic Novel,Gideon Falls,3.0,2019,Fiction: Horror: Cosmic,136,4.0,4.14,671,,,FINISHED
Jeff Lemire,357,The Black Barn,Graphic Novel,Gideon Falls,1.0,2018,Fiction: Horror: Cosmic,160,4.0,4.15,672,,,FINISHED
Jeff Lemire,357,The End,Graphic Novel,Gideon Falls,6.0,2021,Fiction: Horror: Cosmic,120,4.0,3.6,669,,,FINISHED
Jeff Lemire,357,The Pentoculus,Graphic Novel,Gideon Falls,4.0,2020,Fiction: Horror: Cosmic,120,4.0,4.19,667,,,FINISHED
Jeff Lemire,357,Wicked Worlds,Graphic Novel,Gideon Falls,5.0,2020,Fiction: Horror: Cosmic,120,4.0,4.03,668,,,FINISHED
Jeff VanderMeer,656,Annihilation,Novel,Southern Reach,1.0,2014,Fiction: Science Fiction,195,3.75,3.77,673,,,FINISHED
Jerry Pournelle,345,Lucifer's Hammer,Novel,,,1977,Fiction: Science Fiction: Apocalyptic,629,4.0,4.0,679,,,FINISHED
Joanna Russ,450,"""I Had Vacantly Crumpled It Into My Pocket ... But by God, Eliot, It Was a Photograph from Life!""",Short Story,,,1064,Fiction: Horror: Cosmic,9,3.0,4.12,681,,,FINISHED
Jody Houser,311,Stranger Things and Dungeons & Dragons,Graphic Novel,,,2021,Fiction: Science Fiction,96,4.0,3.99,682,,,FINISHED
Joe Abercrombie,457,The Blade Itself,Novel,The First Law,1.0,2006,Fiction: Fantasy: High,515,2.0,4.21,683,,,NOT FINISHED
John Brunner,56,Concerning the Forthcoming Inexpensive Paperback Translation of the Necronomicon of Abdul Alhazred,Novelette,,,1992,Fiction: Horror: Cosmic,36,3.75,3.68,92,2024-12-17,2024-12-18,FINISHED
John Brunner,56,Stand on Zanzibar,Novel,,,1968,Fiction: Science Fiction,672,3.0,3.94,690,,,NOT FINISHED
John Langan,575,The Fisherman,Novel,,,2016,Fiction: Horror: Cosmic,266,4.85,3.93,702,,,FINISHED
John Langan,575,The Shallows,Novelette,,,2010,Fiction: Horror: Cosmic,26,3.0,3.56,1427,2025-07-06,2025-07-07,FINISHED
John P. Vourlis,84,Shadows Over Baker Street,Anthology,,,2003,Fiction: Horror: Cosmic,438,2.5,4.09,898,,,NOT FINISHED
John R. Fultz,763,This is How the World Ends,Short Story,,,2010,Fiction: Horror: Cosmic,11,3.5,3.56,1426,2025-07-06,2025-07-06,FINISHED
John Scalzi,277,Old Man's War,Novel,Old Man's War,1.0,2005,Fiction: Science Fiction,318,3.0,4.23,706,,,FINISHED
John Shirley,179,Freezone,Novella,,,1986,Fiction: Science Fiction: Cyberpunk,39,3.5,3.95,709,,,FINISHED
John Shirley,179,The Belonging Kind,Short Story,,,1981,Fiction: Science Fiction: Cyberpunk,16,4.9,4.06,1395,,,FINISHED
John W. Campbell,342,Who Goes There?,Novella,,,1938,Fiction: Horror,161,2.0,3.8,713,,,FINISHED
John Wyndham,707,The Day of the Triffids,Novel,,,1951,Fiction: Science Fiction: Apocalyptic,228,4.0,4.01,715,,,FINISHED
John le Carré,309,The Spy Who Came In from the Cold,Novel,George Smiley,3.0,1963,Fiction: Crime,212,2.0,4.08,704,,,FINISHED
Jon Bing,425,A Whiter Shade of Pale,Short Story,,,1974,Fiction: Science Fiction,10,3.5,3.71,716,,,FINISHED
Jon Peterson,459,Game Wizards: The Epic Battle for Dungeons & Dragons,Non-Fiction,,,2021,Non-Fiction: Games,368,2.0,4.08,717,,,NOT FINISHED
Jonathan L. Howard,604,Carter & Lovecraft,Novel,Carter & Lovecraft,1.0,2015,Fiction: Horror: Cosmic,306,4.0,3.86,725,,,FINISHED
Jorge Luis Borges,23,El libro de arena,Anthology,,,1975,Fiction: Magic Realism,143,4.0,4.11,728,,,FINISHED
Jorge Luis Borges,23,Ficciones,Anthology,,,1944,Fiction: Magic Realism,174,4.7,4.42,729,,,FINISHED
Julian Barnes,14,A Short History of Hairdressing,Short Story,,,1997,Fiction: Literary,25,4.25,3.67,32,,,FINISHED
Julian Barnes,14,Appetite,Short Story,,,2000,Fiction: Literary,16,3.5,3.67,28,2025-03-17,2025-03-17,FINISHED
Julian Barnes,14,Interference,Short Story,,,1994,Fiction: Literary,22,3.0,3.67,30,2025-03-18,2025-03-18,FINISHED
Julian Barnes,14,Junction,Short Story,,,1996,Fiction: Literary,24,2.0,3.67,31,2025-03-18,2025-03-18,NOT FINISHED
Julian Barnes,14,The Things You Know,Short Story,,,2004,Fiction: Literary,18,3.5,3.67,29,2025-03-17,2025-03-17,FINISHED
Julian Huxley,781,Charles Darwin and His World,Non-Fiction,,,1965,Non-Fiction: Science,144,3.75,3.9,1458,2025-12-24,2025-12-26,FINISHED
Junot Díaz,17,The Brief Wondrous Life of Oscar Wao,Novel,,,2007,Fiction: Literary,335,4.75,4.89,36,,,FINISHED
Justin Cronin,632,The Passage,Novel,The Passage,1.0,2010,Fiction: Science Fiction: Apocalyptic,784,2.0,4.04,738,,,NOT FINISHED
Keith Francis Strohm,196,The Tomb of Horrors,Novel,Greyhawk,7.0,2002,Fiction: Fantasy: High,310,3.5,3.53,746,,,NOT FINISHED
Ken Asamatsu,759,Spherical Trigonometry,Short Story,,,2010,Fiction: Horror: Cosmic,19,4.55,3.56,1422,2025-07-03,2025-07-03,FINISHED
Ken Follett,34,Fall of Giants,Novel,The Century,1.0,2010,Fiction: Historical,985,4.2,4.31,751,,,FINISHED
Ken Follett,34,The Pillars of the Earth,Novel,Kingsbridge,1.0,1989,Fiction: Historical,976,4.4,4.34,750,,,FINISHED
Ken Follett,34,Winter of the World,Novel,The Century,2.0,2012,Fiction: Historical,940,4.5,4.37,749,,,FINISHED
Ken Liu,441,The Grace of Kings,Novel,The Dandelion Dynasty,1.0,2015,Fiction: Fantasy: Epic,640,2.5,3.78,756,,,NOT FINISHED
Kevin Kelly,369,"Out of Control: The New Biology of Machines, Social Systems, and the Economic World",Non-Fiction,,,1992,Non-Fiction: Philosophy,531,3.25,4.22,758,,,NOT FINISHED
Kim Newman,220,The Big Fish,Novelette,,,1993,Fiction: Horror: Cosmic,29,3.0,4.12,760,,,FINISHED
Kim Stanley Robinson,35,New York 2140,Novel,,,2017,Fiction: Science Fiction: Climate,623,4.0,3.59,765,,,FINISHED
Kim Stanley Robinson,35,Red Mars,Novel,Mars Trilogy,1.0,1992,Fiction: Science Fiction,572,3.0,3.86,764,,,NOT FINISHED
Kim Stanley Robinson,35,The Ministry for the Future,Novel,,,2020,Fiction: Science Fiction,563,4.0,3.87,1446,,,FINISHED
Koji Suzuki,480,Ring,Novel,Ring,1.0,1991,Fiction: Horror,282,4.0,3.8,766,,,FINISHED
Kurt Vonnegut,334,Breakfast of Champions,Novel,,,1973,Fiction: Science Fiction,303,4.0,4.07,769,,,FINISHED
Kurt Vonnegut,334,Slaughterhouse-Five,Novel,,,1969,Fiction: Science Fiction,275,4.3,4.1,768,,,FINISHED
Kurt Vonnegut,334,The Sirens of Titan,Novel,,,1959,Fiction: Science Fiction,224,4.2,4.15,767,,,FINISHED
L. Sprague de Camp,57,Preface to the Al-Azif,Non-Fiction,,,1973,Fiction: Horror: Cosmic,5,3.75,3.68,93,2024-12-21,2024-12-21,FINISHED
Laird Barron,690,The Croning,Novel,,,2012,Fiction: Horror: Cosmic,245,4.0,3.72,774,,,FINISHED
Laird Barron,690,Vastation,Short Story,,,2010,Fiction: Horror: Cosmic,18,4.0,3.56,1431,2025-09-15,2025-09-16,FINISHED
Larry Niven,649,Lucifer's Hammer,Novel,,,1977,Fiction: Science Fiction: Apocalyptic,629,4.0,4.0,679,,,FINISHED
Larry Niven,649,Ringworld,Novel,,,1970,Fiction: Science Fiction,288,4.0,3.95,778,,,FINISHED
Lawrence Watt-Evans,504,Pickman's Modem,Short Story,,,1992,Fiction: Horror: Cosmic,6,3.5,4.12,782,,,FINISHED
Lawrence Wright,636,The Looming Tower: Al-Qaeda and the Road to 9/11,Non-Fiction,,,2006,Non-Fiction: Politics,593,4.0,4.35,783,,,FINISHED
Lester del Rey,477,Evensong,Short Story,,,1967,Fiction: Science Fiction,10,3.0,4.17,791,,,FINISHED
Lewis Shiner,202,Mozart in Mirrorshades,Short Story,,,1985,Fiction: Science Fiction: Cyberpunk,16,4.0,3.95,793,,,FINISHED
Lewis Shiner,202,Till Human Voices Wake Us,Short Story,,,1984,Fiction: Science Fiction: Cyberpunk,14,3.5,3.95,792,,,FINISHED
Liliana Heker,487,La trastienda de la escritura,Non-Fiction,,,2019,Non-Fiction: Writing,272,4.5,4.18,794,,,FINISHED
Lincoln Child,232,Relic,Novel,Aloysius Pendergast,1.0,1995,Fiction: Crime,480,3.7,4.05,399,,,FINISHED
Ma Boyong,406,The First Emperor's Games,Short Story,,,2016,Fiction: Science Fiction,12,3.5,3.85,802,,,FINISHED
Manly Wade Wellman,187,The Terrible Parchment,Short Story,,,1937,Fiction: Horror: Cosmic,6,4.0,4.18,806,,,FINISHED
Manuel Van Loggem,394,Pairpuppets,Short Story,,,1976,Fiction: Science Fiction,5,3.25,3.7,807,,,FINISHED
Marc Laidlaw,611,400 Boys,Short Story,,,1985,Fiction: Science Fiction: Cyberpunk,16,3.0,3.95,808,,,FINISHED
Marcos Aguinis,92,La gesta del marrano,Novel,,,1991,Fiction: Historical,688,2.0,4.22,811,,,NOT FINISHED
Marcus Aurelius,204,Meditations,Non-Fiction,,,181,Non-Fiction: Philosophy,182,2.0,4.28,812,,,NOT FINISHED
Margaret Atwood,36,The Handmaid's Tale,Novel,The Handmaid's Tale,1.0,1985,Fiction: Science Fiction: Dystopian,314,4.7,4.14,813,,,FINISHED
Margaret Weis,718,Dragons of Autumn Twilight,Novel,Dungeons & Dragons: Dragonlance: Chronicles,1.0,1984,Fiction: Fantasy: High,444,2.0,4.01,818,,,NOT FINISHED
Marguerite Yourcenar,250,Oriental Tales,Anthology,,,1938,Fiction: Literary,160,4.0,3.87,819,,,FINISHED
Mark Frost,291,The Secret History of Twin Peaks,Novel,,,2016,Fiction: Mystery,362,4.0,3.95,826,,,FINISHED
Mark Vail,751,"The Synthesizer: A Comprehensive Guide to Understanding, Programming, Playing, and Recording the Ultimate Electronic Music Instrument",Non-Fiction,,,2013,Non-Fiction: Music,428,3.75,4.18,1413,2025-05-13,2025-05-20,NOT FINISHED
Martin D. Brown,710,Dr. Xander's Cottage,Short Story,,,1941,Fiction: Horror: Cosmic,4,4.0,3.68,835,,,FINISHED
Martin Simmonds,693,The End of the World,Graphic Novel,The Department of Truth,1.0,2020,Fiction: Science Fiction,144,4.0,4.11,653,,,FINISHED
Mary W. Shelley,136,Frankenstein,Novel,,,1818,Fiction: Science Fiction: Apocalyptic,260,4.75,3.87,838,,,FINISHED
Mathieu Masmondet,388,Ground Zero,Graphic Novel,Savage Highway,3.0,2017,Fiction: Science Fiction: Apocalyptic,56,3.25,3.51,483,,,FINISHED
Mathieu Masmondet,388,Hit the Road,Graphic Novel,Savage Highway,1.0,2015,Fiction: Science Fiction: Apocalyptic,55,3.25,3.49,482,,,FINISHED
Mathieu Masmondet,388,Trouble Halfway,Graphic Novel,Savage Highway,2.0,2015,Fiction: Science Fiction: Apocalyptic,55,3.25,3.64,481,,,FINISHED
Matt Barton,554,Dungeons and Desktops: The History of Computer Role-Playing Games,Non-Fiction,,,2008,Non-Fiction: Games,456,3.0,3.65,839,,,NOT FINISHED
Matt Cardin,761,The New Pauline Corpus,Short Story,,,2010,Fiction: Horror: Cosmic,16,3.75,3.56,1424,2025-07-05,2025-07-06,FINISHED
Matt Ruff,80,Lovecraft Country,Novel,Lovecraft Country,1.0,2016,Fiction: Horror: Cosmic,329,4.9,4.02,841,,,FINISHED
Matthew Kneale,485,Rome: A History in Seven Sackings,Non-Fiction,,,2017,Non-Fiction: History,418,3.75,3.86,843,,,FINISHED
Maureen F. McHugh,772,China Mountain Zhang,Novel,,,1992,Fiction: Science Fiction,313,4.55,3.96,1439,2025-08-14,2025-08-21,FINISHED
Maurice Druon,428,The Iron King,Novel,The Accursed Kings,1.0,1955,Fiction: Historical,340,1.5,4.07,844,,,NOT FINISHED
Max Brooks,263,World War Z: An Oral History of the Zombie War,Novel,,,2006,Fiction: Horror,342,4.0,4.02,845,,,FINISHED
Michael Chabon,677,The Amazing Adventures of Kavalier & Clay,Novel,,,2000,Fiction: Historical,639,4.93,4.18,849,,,FINISHED
Michael Chabon,677,The Yiddish Policemen's Union,Novel,,,2007,Fiction: Science Fiction,414,2.75,3.72,848,,,NOT FINISHED
Michael Crichton,292,Timeline,Novel,,,1999,Fiction: Science Fiction,489,3.75,3.87,1464,2025-11-10,2025-11-27,FINISHED
Michael McDowell,175,The Elementals,Novel,,,1981,Fiction: Horror,292,3.0,4.01,856,,,NOT FINISHED
Michael McDowell ,47,The Flood,Novel,Blackwater,1.0,1983,Fiction: Horror,189,3.5,3.79,49,2025-01-04,2025-01-06,NOT FINISHED
Michael Moorcock,598,Elric of Melniboné,Novel,Elric,1.0,1972,Fiction: Fantasy: High,181,3.5,3.89,858,,,FINISHED
Michael Moynihan,721,Lords of Chaos: The Bloody Rise of the Satanic Metal Underground,Non-Fiction,,,1998,Non-Fiction: Music,405,2.0,3.69,859,,,NOT FINISHED
Michael Shea,748,Fat Face,Novelette,,,1987,Fiction: Horror: Cosmic,24,3.0,4.12,861,,,FINISHED
Michael Slade,48,Headhunter,Novel,Special X,1.0,1984,Fiction: Horror,463,3.75,3.93,50,2025-01-09,2025-01-19,NOT FINISHED
Michael Swanwick,620,Dogfight,Novelette,,,1985,Fiction: Science Fiction: Cyberpunk,26,3.5,4.06,1396,,,FINISHED
Michael Witwer,337,Empire of Imagination: Gary Gygax and the Birth of Dungeons & Dragons,Non-Fiction,,,2015,Non-Fiction: Games,302,4.2,3.72,863,,,FINISHED
Mike Allen,758,Her Acres of Pastoral Playground,Short Story,,,2010,Fiction: Horror: Cosmic,17,3.6,3.56,1421,2025-07-01,2025-07-02,FINISHED
Miriam Allen deFord,190,The Malley System,Short Story,,,1967,Fiction: Science Fiction,11,3.5,4.17,872,,,FINISHED
Neal Stephenson,37,Cryptonomicon,Novel,,,1999,Fiction: Science Fiction,1152,3.0,4.24,892,,,NOT FINISHED
Neal Stephenson,37,Snow Crash,Novel,,,1992,Fiction: Science Fiction,559,3.0,4.02,887,,,NOT FINISHED
Neal Stephenson,37,Snow Crash,Novel,,,1992,Fiction: Science Fiction,559,3.5,4.02,887,2025-07-10,2025-07-21,NOT FINISHED
Neil Gaiman,449,American Gods,Novel,,,2001,Fiction: Fantasy,635,3.5,4.11,897,,,NOT FINISHED
Neil Gaiman,449,Coraline,Novel,,,2002,Fiction: Fantasy,176,4.0,4.12,893,,,FINISHED
Neil Gaiman,449,Neverwhere,Novel,,,1996,Fiction: Fantasy: Low,370,4.0,4.17,896,,,FINISHED
Neil Gaiman,449,Norse Mythology,Novel,,,2017,Fiction: Fantasy,301,4.0,4.11,895,,,FINISHED
Neil Gaiman,449,Shadows Over Baker Street,Anthology,,,2003,Fiction: Horror: Cosmic,438,2.5,4.09,898,,,NOT FINISHED
Neil Gaiman,449,The Ocean at the End of the Lane,Novel,,,2013,Fiction: Fantasy,195,4.0,4.02,894,,,FINISHED
Nevil Shute,51,On the Beach,Novel,,,1957,Fiction: Science Fiction: Apocalyptic,296,4.7,3.97,61,2025-02-16,2025-02-22,FINISHED
Noah Gordon,359,The Physician,Novel,Cole Family,1.0,1986,Fiction: Historical,714,4.0,4.4,909,,,FINISHED
Octavia E. Butler,38,Kindred,Novel,,,1979,Fiction: Science Fiction,288,4.7,4.3,915,,,FINISHED
Octavia E. Butler,38,Parable of the Sower,Novel,Earthseed,1.0,1993,Fiction: Science Fiction,345,4.91,4.21,916,,,FINISHED
Octavia E. Butler,38,Speech Sounds,Short Story,,,1983,Fiction: Science Fiction: Apocalyptic,12,4.0,3.76,912,,,FINISHED
Oliver Bowden,115,Renaissance,Novel,Assassin's Creed,1.0,2009,Fiction: Science Fiction,430,4.0,3.72,918,,,FINISHED
Orson Scott Card,321,Ender's Game,Novel,Ender's Saga,1.0,1985,Fiction: Science Fiction,324,4.0,4.31,919,,,FINISHED
P. Djèli Clark,390,Ring Shout,Novel,,,2020,Fiction: Horror: Cosmic,185,4.0,4.01,921,2025-09-08,2025-09-14,FINISHED
P. J. Plauger,749,Child of All Ages,Short Story,,,1975,Fiction: Science Fiction,14,3.0,4.0,923,,,FINISHED
Pat Cadigan,692,Rock On,Short Story,,,1984,Fiction: Science Fiction: Cyberpunk,9,3.5,3.95,926,,,FINISHED
Pat Frank,584,"Alas, Babylon",Novel,,,1959,Fiction: Science Fiction: Apocalyptic,323,4.9,4.08,927,,,FINISHED
Patricia Lee Macomber,524,Shadows Over Baker Street,Anthology,,,2003,Fiction: Horror: Cosmic,438,2.5,4.09,898,,,NOT FINISHED
Patrick Rothfuss,382,The Name of the Wind,Novel,The Kingkiller Chronicle,1.0,2007,Fiction: Fantasy: High,662,4.0,4.52,931,,,FINISHED
Patrick Rothfuss,382,The Slow Regard of Silent Things,Novel,,,2014,Fiction: Fantasy: High,159,1.0,3.88,930,,,FINISHED
Patrick Rothfuss,382,The Wise Man's Fear,Novel,The Kingkiller Chronicle,2.0,2011,Fiction: Fantasy: High,994,3.0,4.55,932,,,FINISHED
Paul Di Filippo,242,Stone Lives,Novelette,,,1985,Fiction: Science Fiction: Cyberpunk,24,3.5,3.95,934,,,FINISHED
Paul Finch,361,Shadows Over Baker Street,Anthology,,,2003,Fiction: Horror: Cosmic,438,2.5,4.09,898,,,NOT FINISHED
Paul Theroux,201,The Great Railway Bazaar: By Train Through Asia,Non-Fiction,,,1975,Non-Fiction: Travel,342,3.75,3.9,937,,,FINISHED
Paul Theroux,201,The Old Patagonian Express: By Train Through the Americas,Non-Fiction,,,1979,Non-Fiction: Travel,430,4.5,3.95,939,,,FINISHED
Paul Tremblay,551,A Head Full of Ghosts,Novel,,,2015,Fiction: Horror,287,4.0,3.79,944,,,FINISHED
Paula Hawkins,499,The Girl on the Train,Novel,,,2015,Fiction: Mystery,336,3.0,3.96,946,,,FINISHED
Peter Benchley,618,Jaws,Novel,,,1974,Fiction: Horror,320,4.0,3.96,950,,,FINISHED
Peter Straub,50,Floating Dragon,Novel,,,1982,Fiction: Horror,595,3.5,3.83,956,2025-04-29,2025-05-08,NOT FINISHED
Peter Straub,50,The Talisman,Novel,The Talisman,1.0,1984,Fiction: Horror,569,4.15,4.12,54,2025-01-15,2025-01-28,FINISHED
Philip Fracassi,638,Boys in the Valley,Novel,,,2023,Fiction: Horror,335,4.55,4.23,961,,,FINISHED
Philip José Farmer,474,Riders of the Purple Wage,Novella,,,1967,Fiction: Science Fiction,80,3.75,4.17,964,,,FINISHED
Philip José Farmer,474,The Sliced-Crosswise Only-On-Tuesday World,Short Story,,,1971,Fiction: Science Fiction,9,4.7,4.09,963,,,FINISHED
Philip K. Dick,39,A Game of Unchance,Novelette,,,1964,Fiction: Science Fiction,23,3.5,4.2,993,,,FINISHED
Philip K. Dick,39,A Scanner Darkly,Novel,,,1977,Fiction: Science Fiction,219,3.0,4.02,1005,,,NOT FINISHED
Philip K. Dick,39,Beyond the Door,Short Story,,,1954,Fiction: Science Fiction,6,3.75,4.21,94,2024-12-15,2024-12-15,FINISHED
Philip K. Dick,39,Do Androids Dream of Electric Sheep?,Novel,,,1968,Fiction: Science Fiction: Cyberpunk,258,4.7,4.09,1007,,,FINISHED
Philip K. Dick,39,Jon's World,Novelette,,,1954,Fiction: Science Fiction,30,4.25,4.21,63,2024-12-15,2024-12-16,FINISHED
Philip K. Dick,39,Not by Its Cover,Short Story,,,1968,Fiction: Science Fiction,10,3.5,4.19,967,,,FINISHED
Philip K. Dick,39,Precious Artifact,Short Story,,,1964,Fiction: Science Fiction,17,3.0,4.2,983,,,FINISHED
Philip K. Dick,39,Retreat Syndrome,Novelette,,,1965,Fiction: Science Fiction,25,3.0,4.2,995,,,FINISHED
Philip K. Dick,39,Return Match,Short Story,,,1967,Fiction: Science Fiction,17,3.0,4.19,984,,,FINISHED
Philip K. Dick,39,Roog,Short Story,,,1953,Fiction: Science Fiction,6,4.0,4.17,966,,,FINISHED
Philip K. Dick,39,Second Variety,Novelette,,,1953,Fiction: Science Fiction,38,4.8,4.21,1000,,,FINISHED
Philip K. Dick,39,The Cookie Lady,Short Story,,,1953,Fiction: Science Fiction,8,4.25,4.21,64,2024-12-15,2024-12-15,FINISHED
Philip K. Dick,39,The Cosmic Poachers,Short Story,,,1953,Fiction: Science Fiction,12,3.75,4.21,95,2024-12-16,2024-21-17,FINISHED
Philip K. Dick,39,The Gun,Short Story,,,1952,Fiction: Science Fiction,15,4.0,4.17,977,,,FINISHED
Philip K. Dick,39,The Little Black Box,Novelette,,,1964,Fiction: Science Fiction,27,3.0,4.2,999,,,FINISHED
Philip K. Dick,39,The Man in the High Castle,Novel,,,1962,Fiction: Science Fiction: Alternative History,259,4.7,3.6,1008,,,FINISHED
Philip K. Dick,39,The Transmigration of Timothy Archer,Novel,,,1982,Fiction: Science Fiction,255,3.5,3.89,1006,,,FINISHED
Philip K. Dick,39,The War with the Fnools,Short Story,,,1964,Fiction: Science Fiction,14,4.0,4.2,974,,,FINISHED
Philip K. Dick,39,Ubik,Novel,,,1969,Fiction: Science Fiction,288,4.81,4.11,1009,,,FINISHED
Philip Pullman,71,The Amber Spyglass,Novel,His Dark Materials,3.0,2000,Fiction: Fantasy: Low,465,4.0,4.1,1012,,,FINISHED
Philip Pullman,71,The Golden Compass,Novel,His Dark Materials,1.0,1995,Fiction: Fantasy: Low,399,4.0,4.02,1011,,,FINISHED
Philip Pullman,71,The Subtle Knife,Novel,His Dark Materials,2.0,1997,Fiction: Fantasy: Low,370,4.0,4.15,1010,,,FINISHED
Philip Roth,507,The Plot Against America,Novel,,,2004,Fiction: Science Fiction: Alternative History,391,4.2,3.8,1013,,,FINISHED
Philippa Evans,754,Angelus,Short Story,,,2022,Fiction: Horror,19,4.0,3.71,1417,2025-06-04,2025-06-04,FINISHED
Poppy Z. Brite,168,His Mouth Will Taste of Wormwood,Short Story,,,1990,Fiction: Horror: Cosmic,10,4.0,4.12,1015,,,FINISHED
Poppy Z. Brite,168,Lost Souls,Novel,,,1992,Fiction: Horror,356,2.0,3.9,1017,,,NOT FINISHED
Poppy Z. Brite,168,Shadows Over Baker Street,Anthology,,,2003,Fiction: Horror: Cosmic,438,2.5,4.09,898,,,NOT FINISHED
Poul Anderson,401,The High Crusade,Novel,,,1960,Fiction: Science Fiction,171,3.0,3.89,1018,,,NOT FINISHED
R. A. Lafferty,352,Dream,Short Story,,,1962,Fiction: Science Fiction,4,3.78,4.1,1020,,,FINISHED
R. A. Salvatore,3,Exile,Novel,The Dark Elf Trilogy,2.0,1990,Fiction: Fantasy: High,343,4.0,4.23,1024,,,FINISHED
R. A. Salvatore,3,Homeland,Novel,The Dark Elf Trilogy,1.0,1990,Fiction: Fantasy: High,343,4.0,4.26,1023,,,FINISHED
R. A. Salvatore,3,Siege of Darkness,Novel,Legacy of the Drow,3.0,1993,Fiction: Fantasy: High,337,3.9,4.19,52,2025-04-18,2025-04-27,FINISHED
R. A. Salvatore,3,Sojourn,Novel,The Dark Elf Trilogy,3.0,1991,Fiction: Fantasy: High,309,4.0,4.22,1021,,,FINISHED
R. A. Salvatore,3,Starless Night,Novel,Legacy of the Drow,2.0,1992,Fiction: Fantasy: High,476,4.0,4.15,3,2025-04-12,2025-04-18,FINISHED
R. A. Salvatore,3,Streams of Silver,Novel,The Icewind Dale Trilogy,2.0,1989,Fiction: Fantasy: High,342,4.0,4.17,1022,,,FINISHED
R. A. Salvatore,3,The Crystal Shard,Novel,The Icewind Dale Trilogy,1.0,1988,Fiction: Fantasy: High,344,4.0,4.12,1025,,,FINISHED
R. A. Salvatore,3,The Halfling's Gem,Novel,The Icewind Dale Trilogy,3.0,1990,Fiction: Fantasy: High,352,4.0,4.19,1026,,,FINISHED
R. A. Salvatore,3,The Legacy,Novel,Legacy of the Drow,1.0,1992,Fiction: Fantasy: High,352,4.1,4.2,4,2025-04-05,2025-04-12,FINISHED
Ragina Kanyu Wang,163,The Brain Box,Short Story,,,2018,Fiction: Science Fiction,8,3.0,3.85,1031,,,FINISHED
Ramsey Campbell,605,The Faces at Pine Dunes,Novelette,,,1980,Fiction: Horror: Cosmic,26,3.75,4.12,1033,,,FINISHED
Ray Bradbury,40,Fahrenheit 451,Novel,,,1953,Fiction: Science Fiction,194,4.0,3.97,1038,,,FINISHED
Ray Bradbury,40,I Sing the Body Electric! & Other Stories,Anthology,,,1969,Fiction: Science Fiction,336,4.0,4.05,1042,,,FINISHED
Ray Bradbury,40,Something Wicked This Way Comes,Novel,,,1962,Fiction: Fantasy,293,4.2,3.91,1040,,,FINISHED
Ray Bradbury,40,The Halloween Tree,Novel,,,1972,Fiction: Fantasy,145,4.0,3.78,1035,,,FINISHED
Ray Bradbury,40,The Illustrated Man,Anthology,,,1951,Fiction: Science Fiction,186,4.2,4.13,1037,,,FINISHED
Ray Bradbury,40,The Martian Chronicles,Novel,,,1950,Fiction: Science Fiction,182,4.9,4.56,1036,,,FINISHED
Ray Bradbury,40,The October Country,Novel,,,1955,Fiction: Horror,334,4.0,4.12,1041,,,FINISHED
Ray Garton,623,Crucifax,Novel,,,1988,Fiction: Horror,387,4.0,3.71,1044,,,FINISHED
Raymond Chandler,143,The Big Sleep,Novel,Philip Marlowe,1.0,1939,Fiction: Crime,231,3.0,3.95,1047,,,FINISHED
Raymond Khoury,625,The Last Templar,Novel,Templar,1.0,2005,Fiction: Thriller,544,2.5,3.62,1050,,,FINISHED
Richard A. Lupoff,275,Nothing Personal,Short Story,,,2010,Fiction: Horror: Cosmic,11,4.2,3.56,1432,2025-09-16,2025-09-16,FINISHED
Richard A. Lupoff,275,Shadows Over Baker Street,Anthology,,,2003,Fiction: Horror: Cosmic,438,2.5,4.09,898,,,NOT FINISHED
Richard Ford,431,Rock Springs,Anthology,,,1987,Fiction: Literary,245,4.0,4.06,1063,,,FINISHED
Richard L. Tierney,100,The Howler in the Dark,Novelette,,,1984,Fiction: Horror: Cosmic,36,4.75,3.68,1069,,,FINISHED
Richard Matheson,297,Hell House,Novel,,,1971,Fiction: Horror,301,3.0,3.75,1074,,,FINISHED
Richard Matheson,297,I Am Legend,Novel,,,1954,Fiction: Science Fiction: Apocalyptic,162,4.5,4.06,1072,,,FINISHED
Richard P. Feynman,213,"""Surely You're Joking, Mr. Feynman!"": Adventures of a Curious Character",Non-Fiction,,,1985,Non-Fiction: Science,400,4.0,4.27,1075,,,FINISHED
Richard Preston,652,The Hot Zone: The Terrifying Hugo Award Story of the Origins of the Ebola Virus,Non-Fiction,,,1994,Non-Fiction: Biology,352,4.5,4.15,1078,,,FINISHED
Richard Russo,12,Empire Falls,Novel,,,2001,Fiction: Literary,544,3.5,3.94,25,,,NOT FINISHED
Richard Russo,12,Empire Falls,Novel,,,2001,Fiction: Literary,544,3.5,3.94,25,2025-03-18,2025-04-03,NOT FINISHED
Robert A. W. Lowndes,52,Settler's Wall,Novelette,,,1968,Fiction: Horror: Cosmic,29,4.1,3.68,68,2024-12-15,2024-12-15,FINISHED
Robert A. W. Lowndes,52,The Mantle of Graag,Short Story,,,1996,Fiction: Horror: Cosmic,9,3.75,3.68,1088,,,FINISHED
Robert Bloch,580,A Toy for Juliette,Short Story,,,1967,Fiction: Science Fiction,15,4.0,4.17,1090,,,FINISHED
Robert Bloch,580,Psycho,Novel,Psycho,1.0,1959,Fiction: Horror,208,4.0,4.12,1091,,,FINISHED
Robert Bloch,580,Strange Eons,Novel,,,1978,Fiction: Horror: Cosmic,249,3.25,3.62,1092,,,FINISHED
Robert E. Howard,42,Conan,Novel,Conan,1.0,1967,Fiction: Fantasy: High,221,4.0,4.08,1098,,,FINISHED
Robert E. Howard,42,The Savage Tales of Solomon Kane,Novel,,,2004,Fiction: Fantasy: Low,414,4.0,4.06,1099,,,FINISHED
Robert F. Young,686,Goddess in Granite,Novelette,,,1957,Fiction: Science Fiction,13,3.0,3.77,1100,,,FINISHED
Robert Graves,513,"I, Claudius",Novel,Claudius,1.0,1934,Fiction: Historical,468,4.0,4.24,1101,,,FINISHED
Robert Graysmith,682,Zodiac: The Shocking Hugo Award Story of the Hunt for the Nation's Most Elusive Serial Killer,Non-Fiction,,,1986,Non-Fiction: Crime,307,4.0,3.91,1102,,,FINISHED
Robert Harris,704,Fatherland,Novel,,,1992,Fiction: Science Fiction: Alternative History,380,4.0,4.01,1106,,,FINISHED
Robert Jordan,383,The Eye of the World,Novel,The Wheel of Time,1.0,1990,Fiction: Fantasy: Epic,800,1.0,4.19,1110,,,NOT FINISHED
Robert Louis Stevenson,470,Dr. Jekyll and Mr. Hyde,Novel,,,1886,Fiction: Horror,139,3.0,3.83,1111,,,FINISHED
Robert R. McCammon,722,Boy's Life,Novel,,,1991,Fiction: Literary,625,4.0,4.39,1117,,,FINISHED
Robert R. McCammon,722,Swan Song,Novel,,,1987,Fiction: Science Fiction: Apocalyptic,956,4.0,4.29,1119,,,FINISHED
Robert Sheckley,700,In a Land of Clear Colors,Novelette,,,1976,Fiction: Science Fiction,25,3.75,3.67,1120,,,FINISHED
Robert Silverberg,230,Demons of Cthulhu,Short Story,,,1959,Fiction: Horror: Cosmic,16,4.05,3.68,1124,,,FINISHED
Robert Silverberg,230,Flies,Short Story,,,1967,Fiction: Science Fiction,13,3.0,4.17,1123,,,FINISHED
Robert Silverberg,230,The Wind and the Rain,Short Story,,,1973,Fiction: Science Fiction,7,4.2,3.72,1122,,,FINISHED
Robert Swindells,770,Brother in the Land,Novel,,,1984,Fiction: Science Fiction: Apocalyptic,220,4.0,3.96,1436,2025-08-09,2025-08-14,FINISHED
Robert W. Chambers,378,The King in Yellow,Anthology,,,1895,Fiction: Horror,224,4.0,3.55,1126,,,FINISHED
Roger Zelazny,133,"24 Views of Mt. Fuji, by Hokusai",Novella,,,1985,Fiction: Horror: Cosmic,53,3.0,4.12,1132,,,FINISHED
Roger Zelazny,133,Nine Princes in Amber,Novel,The Chronicles of Amber,1.0,1970,Fiction: Fantasy,175,3.5,4.06,1133,,,FINISHED
Ronald Malfi,145,Black Mouth,Novel,,,2022,Fiction: Horror,395,4.0,3.98,1138,,,FINISHED
Rudy Rucker,287,Software,Novel,Ware,1.0,1982,Fiction: Science Fiction: Cyberpunk,176,3.0,3.74,1142,,,NOT FINISHED
Rudy Rucker,287,Tales of Houdini,Short Story,,,1981,Fiction: Science Fiction: Cyberpunk,7,3.5,3.95,1141,,,FINISHED
S. E. Hinton,545,The Outsiders,Novel,,,1967,Fiction: Drama,208,4.0,4.12,1147,,,FINISHED
Sam J. Lundwall,148,Nobody Here But Us Shadows,Short Story,,,1975,Fiction: Science Fiction,6,4.0,3.7,1152,,,FINISHED
Samanta Schweblin,259,Distancia de rescate,Novel,,,2014,Fiction: Magic Realism,128,3.0,3.73,1153,,,NOT FINISHED
Scott Hawkins,511,The Library at Mount Char,Novel,,,2015,Fiction: Horror: Cosmic,390,4.0,4.09,1159,,,FINISHED
Shirley Jackson,590,The Haunting of Hill House,Novel,,,1959,Fiction: Horror,182,4.0,3.82,1172,,,FINISHED
Shirley Jackson,590,We Have Always Live in the Castle,Novel,,,1962,Fiction: Horror,160,4.0,3.95,1171,,,FINISHED
Simon Clark,313,Shadows Over Baker Street,Anthology,,,2003,Fiction: Horror: Cosmic,438,2.5,4.09,898,,,NOT FINISHED
Stanisław Lem,644,Solaris,Novel,,,1961,Fiction: Science Fiction,204,2.5,3.99,1179,,,FINISHED
Steffan B. Aletti,253,The Castle in the Window,Short Story,,,1968,Fiction: Horror: Cosmic,13,3.6,3.68,1180,,,FINISHED
Stephen King,2,11/22/63,Novel,,,2011,Fiction: Science Fiction: Alternative History,849,4.96,4.33,1266,,,FINISHED
Stephen King,2,Apt Pupil,Novel,,,1982,Fiction: Drama,196,4.25,4.35,55,2025-02-25,2025-03-05,FINISHED
Stephen King,2,Battleground,Short Story,,,1972,Fiction: Horror,13,3.75,4.04,98,2025-03-08,2025-03-08,FINISHED
Stephen King,2,Carrie,Novel,,,1974,Fiction: Horror,272,3.75,3.98,1225,,,FINISHED
Stephen King,2,Cell,Novel,,,2006,Fiction: Horror,449,3.0,3.66,1241,,,FINISHED
Stephen King,2,Children of the Corn,Novelette,,,1977,Fiction: Horror,38,3.75,4.04,56,2025-03-11,2025-03-11,FINISHED
Stephen King,2,Christine,Novel,,,1983,Fiction: Horror,411,3.5,3.84,1235,,,NOT FINISHED
Stephen King,2,Cujo,Novel,,,1981,Fiction: Horror,432,3.75,3.78,1237,,,FINISHED
Stephen King,2,Desperation,Novel,,,1996,Fiction: Horror,547,3.75,3.85,1251,,,FINISHED
Stephen King,2,Doctor Sleep,Novel,The Shining,2.0,2013,Fiction: Horror,531,4.0,4.13,1249,,,FINISHED
Stephen King,2,Elevation,Novel,,,2018,Fiction: Horror,146,,3.64,1213,2026-02-26,,IN PROGRESS
Stephen King,2,Finders Keepers,Novel,Bill Hodges,2.0,2015,Fiction: Thriller,434,3.75,4.06,1239,,,FINISHED
Stephen King,2,Firestarter,Novel,,,1980,Fiction: Horror,564,3.75,3.91,1254,,,FINISHED
Stephen King,2,Graveyard Shift,Short Story,,,1970,Fiction: Horror,18,4.0,4.04,70,2025-03-06,2025-03-06,FINISHED
Stephen King,2,Gray Matter,Short Story,,,1973,Fiction: Horror,16,4.0,4.04,106,2025-03-08,2025-03-08,FINISHED
Stephen King,2,I Am the Doorway,Short Story,,,1971,Fiction: Science Fiction,16,3.5,4.04,88,2025-03-07,2025-03-07,FINISHED
Stephen King,2,I Know What You Need,Novelette,,,1976,Fiction: Horror,29,3.75,4.04,59,2025-03-10,2024-03-10,FINISHED
Stephen King,2,Insomnia,Novel,,,1994,Fiction: Horror,896,3.5,3.83,1267,,,FINISHED
Stephen King,2,It,Novel,,,1986,Fiction: Horror,1168,4.97,4.24,1271,,,FINISHED
Stephen King,2,Jerusalem's Lot,Novelette,,,1978,Fiction: Horror,35,4.5,4.03,58,2025-03-05,2025-03-06,FINISHED
Stephen King,2,Low Men in Yellow Coats,Novella,,,1999,Fiction: Horror,243,4.5,3.85,1222,,,FINISHED
Stephen King,2,Misery,Novel,,,1987,Fiction: Horror,370,4.0,4.21,1231,,,FINISHED
Stephen King,2,Mr. Mercedes,Novel,Bill Hodges,1.0,2014,Fiction: Thriller,437,3.75,4.01,1240,,,FINISHED
Stephen King,2,Needful Things,Novel,,,1991,Fiction: Horror,790,3.5,3.97,1264,,,NOT FINISHED
Stephen King,2,Night Surf,Short Story,,,1969,Fiction: Science Fiction: Apocalyptic,9,3.75,4.04,65,2025-03-06,2025-03-06,FINISHED
Stephen King,2,On Writing: A Memoir of the Craft,Non-Fiction,,,2000,Non-Fiction: Writing,320,4.5,4.34,1227,,,FINISHED
Stephen King,2,One for the Road,Short Story,,,1977,Fiction: Horror,21,4.0,4.04,69,2025-03-11,2025-03-11,FINISHED
Stephen King,2,Pet Sematary,Novel,,,1983,Fiction: Horror,580,4.7,4.06,1255,,,FINISHED
Stephen King,2,"Quitters, Inc.",Short Story,,,1978,Fiction: Horror,26,3.75,4.04,100,2025-03-10,2025-03-10,FINISHED
Stephen King,2,Rita Hayworth and Shawshank Redemption,Novella,,,1982,Fiction: Drama,102,4.0,4.35,1210,,,FINISHED
Stephen King,2,"Secret Window, Secret Garden",Novella,,,1990,Fiction: Horror,130,4.15,3.95,1212,,,FINISHED
Stephen King,2,Sometimes They Come Back,Novelette,,,1974,Fiction: Horror,36,4.0,4.03,57,2025-03-08,2025-03-09,FINISHED
Stephen King,2,Song of Susannah,Novel,The Dark Tower,6.0,2004,Fiction: Fantasy: Low,544,4.7,3.99,1250,,,FINISHED
Stephen King,2,Strawberry Spring,Short Story,,,1968,Fiction: Horror,12,3.75,4.04,96,2025-03-09,2025-03-09,FINISHED
Stephen King,2,The Body,Novel,,,1982,Fiction: Drama,154,4.5,4.35,1216,,,FINISHED
Stephen King,2,The Boogeyman,Short Story,,,1973,Fiction: Horror,15,3.9,4.04,101,2025-03-07,2025-03-08,FINISHED
Stephen King,2,The Dark Half,Novel,,,1989,Fiction: Horror,469,3.75,3.8,1244,,,FINISHED
Stephen King,2,The Dark Tower,Novel,The Dark Tower,7.0,2004,Fiction: Fantasy: Low,1050,4.94,4.28,1269,,,FINISHED
Stephen King,2,The Dead Zone,Novel,,,1979,Fiction: Horror,402,4.0,3.96,1233,,,FINISHED
Stephen King,2,The Drawing of the Three,Novel,The Dark Tower,2.0,1987,Fiction: Fantasy: Low,463,4.7,4.23,1243,,,FINISHED
Stephen King,2,The Green Mile,Novel,,,1996,Fiction: Fantasy: Low,592,4.2,4.48,1257,,,FINISHED
Stephen King,2,The Gunslinger,Novel,The Dark Tower,1.0,1982,Fiction: Fantasy: Low,231,4.5,3.92,1221,,,FINISHED
Stephen King,2,The Institute,Novel,,,2019,Fiction: Science Fiction,561,3.5,4.2,1252,,,FINISHED
Stephen King,2,The Langoliers,Novella,,,1990,Fiction: Horror: Cosmic,206,3.9,3.95,1220,,,FINISHED
Stephen King,2,The Last Rung on the Ladder,Short Story,,,1978,Fiction: Drama,15,4.25,4.04,67,2025-03-11,2025-03-11,FINISHED
Stephen King,2,The Lawnmower Man,Short Story,,,1975,Fiction: Horror,12,3.75,4.04,97,2025-03-09,2025-03-09,FINISHED
Stephen King,2,The Ledge,Short Story,,,1976,Fiction: Horror,22,3.5,4.04,90,2025-03-09,2025-03-09,FINISHED
Stephen King,2,The Man Who Loved Flowers,Short Story,,,1977,Fiction: Horror,7,3.25,4.04,80,2025-03-11,2025-03-11,FINISHED
Stephen King,2,The Mangler,Novelette,,,1972,Fiction: Horror,26,3.75,4.04,99,2025-03-07,2025-03-07,FINISHED
Stephen King,2,The Mist,Novella,,,1980,Fiction: Horror: Cosmic,176,4.0,3.97,1217,,,FINISHED
Stephen King,2,The Shining,Novel,The Shining,1.0,1977,Fiction: Horror,497,4.5,4.27,1246,,,FINISHED
Stephen King,2,The Stand,Novel,,,1978,Fiction: Science Fiction: Apocalyptic,1152,4.99,4.35,2,,,FINISHED
Stephen King,2,The Talisman,Novel,The Talisman,1.0,1984,Fiction: Horror,569,4.15,4.12,54,2025-01-15,2025-01-28,FINISHED
Stephen King,2,The Tommyknockers,Novel,,,1987,Fiction: Science Fiction: Horror,747,3.25,3.59,1263,,,NOT FINISHED
Stephen King,2,The Waste Lands,Novel,The Dark Tower,3.0,1991,Fiction: Fantasy: Low,590,4.83,4.25,1256,,,FINISHED
Stephen King,2,The Wind Through the Keyhole,Novel,,,2012,Fiction: Fantasy: Low,322,4.0,4.14,1228,,,FINISHED
Stephen King,2,The Woman in the Room,Short Story,,,1978,Fiction: Drama,17,3.15,4.04,79,2025-03-12,2025-03-12,FINISHED
Stephen King,2,Trucks,Short Story,,,1973,Fiction: Horror,22,3.5,4.04,89,2025-03-08,2025-03-08,FINISHED
Stephen King,2,Under the Dome,Novel,,,2009,Fiction: Science Fiction,1074,3.75,3.92,1270,,,FINISHED
Stephen King,2,Wizard and Glass,Novel,The Dark Tower,4.0,1997,Fiction: Fantasy: Low,845,4.1,4.26,1265,,,FINISHED
Stephen King,2,Wolves of the Calla,Novel,The Dark Tower,5.0,2003,Fiction: Fantasy: Low,960,4.5,4.19,1268,,,FINISHED
Stephen King,2,‘Salem's Lot,Novel,,,1975,Fiction: Horror,483,4.0,4.06,1245,,,FINISHED
Stephen Kinzer,49,Poisoner in Chief: Sidney Gottlieb and the CIA Search for Mind Control,Non-Fiction,,,2019,Non-Fiction: History,355,4.0,4.08,51,2025-02-24,2025-02-27,FINISHED
Steve Perry,379,Shadows Over Baker Street,Anthology,,,2003,Fiction: Horror: Cosmic,438,2.5,4.09,898,,,NOT FINISHED
Steven Erikson,24,Deadhouse Gates,Novel,Malazan Book of the Fallen,2.0,2000,Fiction: Fantasy: Epic,604,3.0,4.27,39,,,NOT FINISHED
Steven Erikson,24,Gardens of the Moon,Novel,Malazan Book of the Fallen,1.0,1999,Fiction: Fantasy: Epic,666,3.5,3.92,38,,,FINISHED
Steven L. Kent,319,The Ultimate History of Video Games: From Pong to Pokemon - The Story Behind the Craze That Touched Our Lives and Changed the World,Non-Fiction,,,2001,Non-Fiction: Games,608,4.0,4.13,1281,,,FINISHED
Steven-Elliot Altman,164,Shadows Over Baker Street,Anthology,,,2003,Fiction: Horror: Cosmic,438,2.5,4.09,898,,,NOT FINISHED
Suzanne Collins,338,Catching Fire,Novel,The Hunger Games,2.0,2009,Fiction: Science Fiction: Dystopian,391,4.0,4.33,1292,,,FINISHED
Suzanne Collins,338,Mockingjay,Novel,The Hunger Games,3.0,2010,Fiction: Science Fiction: Dystopian,390,4.0,4.09,1291,,,FINISHED
Suzanne Collins,338,The Hunger Games,Novel,The Hunger Games,1.0,2008,Fiction: Science Fiction: Dystopian,374,4.0,4.34,1290,,,FINISHED
T. E. D. Klein,414,Black Man with a Horn,Novelette,,,1980,Fiction: Horror: Cosmic,36,3.5,4.12,1293,,,FINISHED
T. E. D. Klein,414,The Ceremonies,Novel,,,1984,Fiction: Horror,554,3.0,3.81,1295,,,NOT FINISHED
Tad Williams,535,The Dragonbone Chair,Novel,"Memory, Sorrow, and Thorn",1.0,1988,Fiction: Fantasy: High,672,1.5,3.97,1298,,,NOT FINISHED
Tang Fei,646,Broken Stars,Short Story,,,2016,Fiction: Science Fiction,28,3.5,3.85,1300,,,FINISHED
Tara Westover,784,Educated,Non-Fiction,,,2018,Non-Fiction: Biography,352,4.5,4.46,1461,2025-11-22,2025-11-27,FINISHED
Taylor Jenkins Reid,665,Daisy Jones & The Six,Novel,,,2019,Fiction: Drama,307,4.2,4.21,1303,,,FINISHED
Ted Chiang,93,Exhalation,Anthology,,,2019,Fiction: Science Fiction,368,4.5,4.28,1305,,,FINISHED
Ted Chiang,93,Stories of Your Life and Others,Anthology,,,2002,Fiction: Science Fiction,281,4.8,4.26,1304,,,FINISHED
Terry Pratchett,77,The Color of Magic,Novel,Discworld,1.0,1983,Fiction: Fantasy: Epic,228,2.0,4.0,1307,,,NOT FINISHED
Theodore Sturgeon,664,More Than Human,Novel,,,1953,Fiction: Science Fiction,186,3.0,3.94,1308,,,FINISHED
Thomas Harris,397,Red Dragon,Novel,Hannibal Lecter,1.0,1981,Fiction: Horror,454,4.0,4.06,1310,,,FINISHED
Thomas Harris,397,The Silence of the Lambs,Novel,Hannibal Lecter,2.0,1988,Fiction: Horror,421,4.0,4.24,1309,,,FINISHED
Thomas Ligotti,412,The Last Feast of Harlequin,Novelette,,,1990,Fiction: Horror: Cosmic,33,3.25,4.12,1313,,,FINISHED
Thomas M. Disch,45,Casablanca,Novelette,,,1967,Fiction: Science Fiction,18,3.5,3.58,37,,,FINISHED
Thomas M. Disch,45,Casablanca,Novelette,,,1967,Fiction: Science Fiction,18,3.5,3.58,37,2025-03-16,2025-03-16,FINISHED
Thomas M. Disch,45,Descending,Short Story,,,1964,Fiction: Science Fiction,8,4.0,4.1,1314,,,FINISHED
Thomas Olde Heuvelt,585,Hex,Novel,,,2013,Fiction: Horror,384,4.0,3.73,1316,,,FINISHED
Thomas Pynchon,661,The Crying of Lot 49,Novel,,,1966,Fiction: Literary,152,3.0,3.69,1317,,,FINISHED
Thomas Tryon,75,The Other,Novel,,,1971,Fiction: Horror,281,3.0,3.98,1321,,,NOT FINISHED
Tim Lebbon,633,Shadows Over Baker Street,Anthology,,,2003,Fiction: Horror: Cosmic,438,2.5,4.09,898,,,NOT FINISHED
Tim Powers,501,On Stranger Tides,Novel,,,1987,Fiction: Fantasy,370,3.0,3.83,1326,,,FINISHED
Timothy Ferris,455,Coming of Age in the Milky Way,Non-Fiction,,,1988,Non-Fiction: Science,512,4.0,4.16,1329,,,FINISHED
Tom Maddox,567,Snake-Eyes,Short Story,,,1986,Fiction: Science Fiction: Cyberpunk,22,3.5,3.95,1338,,,FINISHED
Tracy Hickman,374,Dragons of Autumn Twilight,Novel,Dungeons & Dragons: Dragonlance: Chronicles,1.0,1984,Fiction: Fantasy: High,444,2.0,4.01,818,,,NOT FINISHED
Ty Franck,768,Abaddon's Gate,Novel,The Expanse,3.0,2013,Fiction: Science Fiction: Space Opera,539,4.25,4.27,645,,,FINISHED
Ty Franck,768,Caliban's War,Novel,The Expanse,2.0,2012,Fiction: Science Fiction: Space Opera,624,4.0,4.38,648,,,FINISHED
Ty Franck,768,Leviathan Wakes,Novel,The Expanse,1.0,2011,Fiction: Science Fiction: Space Opera,592,4.0,4.3,647,,,FINISHED
Tynan Sylvester,769,Designing Games: A Guide to Engineering Experiences,Non-Fiction,,,2013,Non-Fiction: Games,413,3.8,4.46,1435,2025-07-10,2025-08-14,NOT FINISHED
Umberto Eco,581,Foucault’s Pendulum,Novel,,,1988,Fiction: Historical,623,3.5,3.91,1346,,,NOT FINISHED
Ursula K. Le Guin,16,A Wizard of Earthsea,Novel,Earthsea Cycle,1.0,1968,Fiction: Fantasy: High,183,3.5,4.01,1350,2026-02-14,2026-02-20,FINISHED
Ursula K. Le Guin,16,The Dispossessed: An Ambiguous Utopia,Novel,Hainish Cycle,6.0,1974,Fiction: Science Fiction,382,4.5,4.25,35,2025-03-12,2025-03-16,FINISHED
Ursula K. Le Guin,16,The Ones Who Walk Away from Omelas,Short Story,,,1973,Fiction: Science Fiction,6,4.97,4.37,1347,,,FINISHED
Ursula K. Le Guin,16,The Word for World Is Forest,Novel,,,1972,Fiction: Science Fiction,160,4.0,4.04,1348,2026-02-11,2026-02-14,FINISHED
Victor LaValle,303,The Ballad of Black Tom,Novel,,,2016,Fiction: Horror: Cosmic,149,4.0,3.86,1356,,,FINISHED
Walter Isaacson,99,Einstein: His Life and Universe,Non-Fiction,,,2007,Non-Fiction: Biology,675,4.0,4.16,1367,,,FINISHED
Walter Isaacson,99,Steve Jobs,Non-Fiction,,,2011,Non-Fiction: Biography,656,4.65,4.15,1434,2025-07-21,2025-08-05,FINISHED
Walter M. Miller,15,A Canticle for Leibowitz,Novel,St. Leibowitz,1.0,1959,Fiction: Science Fiction: Apocalyptic,334,5.0,3.98,33,,,FINISHED
Walter M. Miller,15,Saint Leibowitz and the Wild Horse Woman,Novel,St. Leibowitz,2.0,1997,Fiction: Science Fiction: Apocalyptic,434,3.0,3.18,34,2025-02-08,2025-02-16,NOT FINISHED
Walter Scott,563,Ivanhoe,Novel,,,1820,Fiction: Historical,496,2.0,3.76,1369,,,NOT FINISHED
Warren Ellis,493,Back on the Street,Graphic Novel,Transmetropolitan,1.0,1998,Fiction: Science Fiction: Cyberpunk,72,4.0,3.21,1370,,,FINISHED
Warren Ellis,493,Lust for Life,Graphic Novel,Transmetropolitan,2.0,1999,Fiction: Science Fiction: Cyberpunk,208,4.0,4.34,1373,,,FINISHED
Warren Ellis,493,Year of the Bastard,Graphic Novel,Transmetropolitan,3.0,1999,Fiction: Science Fiction: Cyberpunk,144,4.0,4.41,1371,,,FINISHED
Washington Irving,660,The Legend of Sleepy Hollow,Novel,,,1820,Fiction: Horror: Gothic,108,4.0,3.71,1374,,,FINISHED
Wilbur Smith,426,The Quest,Novel,Ancient Egypt,4.0,2007,Fiction: Fantasy: Historical,718,2.0,3.87,1378,,,NOT FINISHED
Will Murray,760,What Brings the Void,Novelette,,,2010,Fiction: Horror: Cosmic,20,4.6,3.56,1423,2025-07-04,2025-07-05,FINISHED
William Gibson,43,Burning Chrome,Novelette,,,1982,Fiction: Science Fiction: Cyberpunk,24,4.6,4.06,1386,,,FINISHED
William Gibson,43,Count Zero,Novel,Sprawl,2.0,1986,Fiction: Science Fiction: Cyberpunk,308,,4.02,1391,2025-08-31,,IN PROGRESS
William Gibson,43,Dogfight,Novelette,,,1985,Fiction: Science Fiction: Cyberpunk,26,3.5,4.06,1396,,,FINISHED
William Gibson,43,Fragments of a Hologram Rose,Short Story,,,1977,Fiction: Science Fiction: Cyberpunk,8,4.71,4.06,1381,,,FINISHED
William Gibson,43,Hinterlands,Short Story,,,1981,Fiction: Science Fiction: Cyberpunk,22,3.5,4.06,1385,,,FINISHED
William Gibson,43,Johnny Mnemonic,Short Story,,,1981,Fiction: Science Fiction: Cyberpunk,22,4.5,4.06,1384,,,FINISHED
William Gibson,43,Johnny Mnemonic,Short Story,,,1981,Fiction: Science Fiction: Cyberpunk,22,4.6,4.06,1384,2025-07-08,2025-07-10,FINISHED
William Gibson,43,Neuromancer,Novel,Sprawl,1.0,1984,Fiction: Science Fiction: Cyberpunk,268,4.98,3.9,1389,,,FINISHED
William Gibson,43,New Rose Hotel,Short Story,,,1984,Fiction: Science Fiction: Cyberpunk,15,4.2,4.06,1383,,,FINISHED
William Gibson,43,"Red Star, Winter Orbit",Short Story,,,1983,Fiction: Science Fiction: Cyberpunk,21,4.0,3.95,1394,,,FINISHED
William Gibson,43,The Belonging Kind,Short Story,,,1981,Fiction: Science Fiction: Cyberpunk,16,4.9,4.06,1395,,,FINISHED
William Gibson,43,The Gernsback Continuum,Short Story,,,1981,Fiction: Science Fiction: Cyberpunk,11,5.0,3.95,1382,,,FINISHED
William Gibson,43,The Winter Market,Novelette,,,1985,Fiction: Science Fiction: Cyberpunk,25,4.5,4.06,1387,,,FINISHED
William Golding,151,Lord of the Flies,Novel,,,1954,Fiction: Literary,182,3.0,3.69,1397,,,NOT FINISHED
William Golding,151,Lord of the Flies,Novel,,,1954,Fiction: Literary,182,3.5,3.69,1397,2025-11-28,2025-12-02,FINISHED
William Peter Blatty,44,Legion,Novel,,,1983,Fiction: Horror,269,4.8,3.7,1402,,,FINISHED
William Peter Blatty,44,The Exorcist,Novel,,,1971,Fiction: Horror,385,4.9,4.2,1403,,,FINISHED
Xia Jia,719,"Goodnight, Melancholy",Novelette,,,2015,Fiction: Science Fiction,42,4.0,3.85,1406,,,FINISHED
Yevgeny Zamyatin,231,We,Novel,,,1924,Fiction: Science Fiction: Dystopian,226,3.0,3.89,1407,,,FINISHED
Yuval Noah Harari,676,Sapiens: A Brief History of Humankind,Non-Fiction,,,2011,Non-Fiction: History,496,4.0,4.36,1409,,,FINISHED
Zhang Ran,324,The Snow of Jinyang,Novella,,,2014,Fiction: Science Fiction,62,3.0,3.85,1410,,,FINISHED
Zhang Xiaoyu,289,Ground Zero,Graphic Novel,Savage Highway,3.0,2017,Fiction: Science Fiction: Apocalyptic,56,3.25,3.51,483,,,FINISHED
Zhang Xiaoyu,289,Hit the Road,Graphic Novel,Savage Highway,1.0,2015,Fiction: Science Fiction: Apocalyptic,55,3.25,3.49,482,,,FINISHED
Zhang Xiaoyu,289,Trouble Halfway,Graphic Novel,Savage Highway,2.0,2015,Fiction: Science Fiction: Apocalyptic,55,3.25,3.64,481,,,FINISHED
