AuthorName,WorkName,WorkType,Series,NumberInSeries,PublishedOn,Genre,PageCount,ReadScore,GoodreadsScore,TimesRead
William Gibson,The Gernsback Continuum,Short Story,,,1981,Fiction: Science Fiction: Cyberpunk,11,5.0,3.95,1
Walter M. Miller,A Canticle for Leibowitz,Novel,St. Leibowitz,1.0,1959,Fiction: Science Fiction: Apocalyptic,334,5.0,3.98,1
Stephen King,The Stand,Novel,,,1978,Fiction: Science Fiction: Apocalyptic,1152,4.99,4.35,1
Harlan Ellison,"I Have No Mouth, and I Must Scream",Short Story,,,1967,Fiction: Science Fiction: Horror,17,4.99,3.69,1
William Gibson,Neuromancer,Novel,Sprawl,1.0,1984,Fiction: Science Fiction: Cyberpunk,268,4.98,3.9,1
Stephen King,It,Novel,,,1986,Fiction: Horror,1168,4.97,4.24,1
Ursula K. Le Guin,The Ones Who Walk Away from Omelas,Short Story,,,1973,Fiction: Science Fiction,6,4.97,4.37,1
Stephen King,11/22/63,Novel,,,2011,Fiction: Science Fiction: Alternative History,849,4.96,4.33,1
Dan Simmons,Carrion Comfort,Novel,,,1989,Fiction: Horror,884,4.95,3.91,1
Stephen King,The Dark Tower,Novel,The Dark Tower,7.0,2004,Fiction: Fantasy: Low,1050,4.94,4.28,1
Michael Chabon,The Amazing Adventures of Kavalier & Clay,Novel,,,2000,Fiction: Historical,639,4.93,4.18,1
James A. Michener,The Source,Novel,,,1965,Fiction: Historical,1341,4.925,4.3,1
F. Paul Wilson,The Barrens,Novella,,,1989,Fiction: Horror: Cosmic,51,4.92,4.12,1
J. R. R. Tolkien,The Fellowship of the Ring,Novel,The Lord of the Rings,1.0,1954,Fiction: Fantasy: Epic,432,4.92,4.39,1
H. P. Lovecraft,The Call of Cthulhu,Novelette,,,1928,Fiction: Horror: Cosmic,43,4.91,3.96,1
Octavia E. Butler,Parable of the Sower,Novel,Earthseed,1.0,1993,Fiction: Science Fiction,345,4.91,4.21,1
William Peter Blatty,The Exorcist,Novel,,,1971,Fiction: Horror,385,4.9,4.2,1
John Shirley,The Belonging Kind,Short Story,,,1981,Fiction: Science Fiction: Cyberpunk,16,4.9,4.06,2
Alan Moore,Providence,Graphic Novel,,,2021,Fiction: Horror: Cosmic,480,4.9,4.19,1
Pat Frank,"Alas, Babylon",Novel,,,1959,Fiction: Science Fiction: Apocalyptic,323,4.9,4.08,1
Matt Ruff,Lovecraft Country,Novel,Lovecraft Country,1.0,2016,Fiction: Horror: Cosmic,329,4.9,4.02,1
Ray Bradbury,The Martian Chronicles,Novel,,,1950,Fiction: Science Fiction,182,4.9,4.56,1
Frank Herbert,Dune,Novel,Dune,1.0,1965,Fiction: Science Fiction,658,4.9,4.27,1
Daniel Keyes,Flowers for Algernon,Novel,,,1966,Fiction: Science Fiction,311,4.9,4.21,1
J. R. R. Tolkien,The Return of the King,Novel,The Lord of the Rings,3.0,1955,Fiction: Fantasy: Epic,432,4.9,4.56,1
John Langan,The Fisherman,Novel,,,2016,Fiction: Horror: Cosmic,266,4.85,3.93,1
Stephen King,The Waste Lands,Novel,The Dark Tower,3.0,1991,Fiction: Fantasy: Low,590,4.83,4.25,1
Art Spiegelman,Maus,Graphic Novel,,,1980,Fiction: Historical,296,4.83,4.58,1
Philip K. Dick,Ubik,Novel,,,1969,Fiction: Science Fiction,288,4.81,4.11,1
Akiyuki Nosaka,The Grave of the Fireflies,Short Story,,,1967,Fiction: Historical,18,4.81,4.06,1
J. R. R. Tolkien,The Two Towers,Novel,The Lord of the Rings,2.0,1954,Fiction: Fantasy: Epic,448,4.8,4.48,1
William Peter Blatty,Legion,Novel,,,1983,Fiction: Horror,269,4.8,3.7,1
Annie Jacobsen,Nuclear War: A Scenario,Non-Fiction,,,2024,Non-Fiction: Politics,416,4.8,4.44,1
Philip K. Dick,Second Variety,Novelette,,,1953,Fiction: Science Fiction,38,4.8,4.21,1
Bram Stoker,Dracula,Novel,,,1897,Fiction: Horror,488,4.8,4.01,1
H. G. Wells,The War of the Worlds,Novel,,,1898,Fiction: Science Fiction,192,4.8,3.83,1
Ted Chiang,Stories of Your Life and Others,Anthology,,,2002,Fiction: Science Fiction,281,4.8,4.26,1
Isaac Asimov,The Last Question,Short Story,,,1956,Fiction: Science Fiction,14,4.79,4.55,1
Junot Díaz,The Brief Wondrous Life of Oscar Wao,Novel,,,2007,Fiction: Literary,335,4.75,4.89,1
Richard L. Tierney,The Howler in the Dark,Novelette,,,1984,Fiction: Horror: Cosmic,36,4.75,3.68,1
H. P. Lovecraft,The Haunter of the Dark,Novelette,,,1936,Fiction: Horror: Cosmic,16,4.75,4.34,1
James Tynion IV,The Nice House on the Lake,Graphic Novel,,,2022,Fiction: Horror,400,4.75,4.33,1
Mary W. Shelley,Frankenstein,Novel,,,1818,Fiction: Science Fiction: Apocalyptic,260,4.75,3.87,1
William Gibson,Fragments of a Hologram Rose,Short Story,,,1977,Fiction: Science Fiction: Cyberpunk,8,4.71,4.06,1
H. P. Lovecraft,Dagon,Short Story,,,1919,Fiction: Horror: Cosmic,5,4.7,4.34,1
Cixin Liu,The Three-Body Problem,Novel,Remembrance of Earth's Past,1.0,2006,Fiction: Science Fiction,472,4.7,4.09,1
Stephen King,The Drawing of the Three,Novel,The Dark Tower,2.0,1987,Fiction: Fantasy: Low,463,4.7,4.23,1
Philip José Farmer,The Sliced-Crosswise Only-On-Tuesday World,Short Story,,,1971,Fiction: Science Fiction,9,4.7,4.09,1
Arthur C. Clarke,2001: A Space Odyssey,Novel,,,1968,Fiction: Science Fiction,297,4.7,4.17,1
Stephen King,Song of Susannah,Novel,The Dark Tower,6.0,2004,Fiction: Fantasy: Low,544,4.7,3.99,1
Ira Levin,Rosemary's Baby,Novel,,,1967,Fiction: Horror,308,4.7,4.04,1
J. R. R. Tolkien,The Hobbit,Novel,,,1937,Fiction: Fantasy: High,366,4.7,4.29,1
Stephen King,Pet Sematary,Novel,,,1983,Fiction: Horror,580,4.7,4.06,1
Margaret Atwood,The Handmaid's Tale,Novel,The Handmaid's Tale,1.0,1985,Fiction: Science Fiction: Dystopian,314,4.7,4.14,1
Philip K. Dick,The Man in the High Castle,Novel,,,1962,Fiction: Science Fiction: Alternative History,259,4.7,3.6,1
Jorge Luis Borges,Ficciones,Anthology,,,1944,Fiction: Magic Realism,174,4.7,4.42,1
Nevil Shute,On the Beach,Novel,,,1957,Fiction: Science Fiction: Apocalyptic,296,4.7,3.97,1
Octavia E. Butler,Kindred,Novel,,,1979,Fiction: Science Fiction,288,4.7,4.3,1
Arkady Strugatsky,Roadside Picnic,Novel,,,1972,Fiction: Science Fiction: Apocalyptic,145,4.7,4.15,2
Arthur C. Clarke,Childhood's End,Novel,,,1953,Fiction: Science Fiction,224,4.7,4.12,1
Alejandro Jodorowsky,The Incal,Graphic Novel,,,1981,Fiction: Science Fiction,307,4.7,4.12,1
Philip K. Dick,Do Androids Dream of Electric Sheep?,Novel,,,1968,Fiction: Science Fiction: Cyberpunk,258,4.7,4.09,1
Cixin Liu,Death's End,Novel,Remembrance of Earth's Past,3.0,2010,Fiction: Science Fiction,604,4.7,4.43,1
Cixin Liu,The Dark Forest,Novel,Remembrance of Earth's Past,2.0,2008,Fiction: Science Fiction,512,4.7,4.42,1
David M. Ewalt,Of Dice and Men: The Story of Dungeons & Dragons and the People Who Play It,Non-Fiction,,,2013,Non-Fiction: Games,276,4.7,3.72,1
H. P. Lovecraft,Herbert West–Reanimator,Novelette,,,1943,Fiction: Horror: Cosmic,35,4.65,3.84,1
Walter Isaacson,Steve Jobs,Non-Fiction,,,2011,Non-Fiction: Biography,656,4.65,4.15,1
H. P. Lovecraft,The Nameless City,Short Story,,,1921,Fiction: Horror: Cosmic,10,4.65,4.34,1
H. P. Lovecraft,The Outsider,Short Story,,,1926,Fiction: Horror: Cosmic,4,4.6,4.34,1
William Gibson,Johnny Mnemonic,Short Story,,,1981,Fiction: Science Fiction: Cyberpunk,22,4.6,4.06,2
William Gibson,Burning Chrome,Novelette,,,1982,Fiction: Science Fiction: Cyberpunk,24,4.6,4.06,1
George R. R. Martin,A Storm of Swords,Novel,A Song of Ice and Fire,3.0,2000,Fiction: Fantasy: Epic,1177,4.6,4.54,1
Will Murray,What Brings the Void,Novelette,,,2010,Fiction: Horror: Cosmic,20,4.6,3.56,1
Arthur C. Clarke,The Nine Billion Names of God,Short Story,,,1953,Fiction: Science Fiction,7,4.56,4.06,1
Ken Asamatsu,Spherical Trigonometry,Short Story,,,2010,Fiction: Horror: Cosmic,19,4.55,3.56,1
Philip Fracassi,Boys in the Valley,Novel,,,2023,Fiction: Horror,335,4.55,4.23,1
Maureen F. McHugh,China Mountain Zhang,Novel,,,1992,Fiction: Science Fiction,313,4.55,3.96,1
Stephen King,Jerusalem's Lot,Novelette,,,1978,Fiction: Horror,35,4.5,4.03,1
Tara Westover,Educated,Non-Fiction,,,2018,Non-Fiction: Biography,352,4.5,4.46,1
Grady Hendrix,Paperbacks from Hell: The Twisted History of '70s and '80s Horror Fiction,Non-Fiction,,,2017,Non-Fiction: Writing,254,4.5,4.27,1
Stephen King,The Gunslinger,Novel,The Dark Tower,1.0,1982,Fiction: Fantasy: Low,231,4.5,3.92,1
Ken Follett,Winter of the World,Novel,The Century,2.0,2012,Fiction: Historical,940,4.5,4.37,1
Ursula K. Le Guin,The Dispossessed: An Ambiguous Utopia,Novel,Hainish Cycle,6.0,1974,Fiction: Science Fiction,382,4.5,4.25,1
William Gibson,The Winter Market,Novelette,,,1985,Fiction: Science Fiction: Cyberpunk,25,4.5,4.06,1
Andrzej Sapkowski,Lady of the Lake,Novel,The Witcher,5.0,1999,Fiction: Fantasy: High,531,4.5,4.09,1
Darrell Schweitzer,Ghost Dancing,Short Story,,,2010,Fiction: Horror: Cosmic,11,4.5,3.56,1
Richard Preston,The Hot Zone: The Terrifying Hugo Award Story of the Origins of the Ebola Virus,Non-Fiction,,,1994,Non-Fiction: Biology,352,4.5,4.15,1
Clark Ashton Smith,Necromancy in Naat,Novelette,,,1936,Fiction: Horror,21,4.5,4.23,1
Richard Matheson,I Am Legend,Novel,,,1954,Fiction: Science Fiction: Apocalyptic,162,4.5,4.06,1
Emem,Permafrost,Graphic Novel,Renaissance,3.0,2020,Fiction: Science Fiction: Apocalyptic,57,4.5,4.01,3
Elizabeth Kolbert,The Sixth Extinction: An Unnatural History,Non-Fiction,,,2014,Non-Fiction: Biology,336,4.5,4.15,1
Stephen King,The Body,Novel,,,1982,Fiction: Drama,154,4.5,4.35,1
Stephen King,Low Men in Yellow Coats,Novella,,,1999,Fiction: Horror,243,4.5,3.85,1
Stephen King,On Writing: A Memoir of the Craft,Non-Fiction,,,2000,Non-Fiction: Writing,320,4.5,4.34,1
Dan Simmons,Hyperion,Novel,Hyperion Cantos,1.0,1989,Fiction: Science Fiction,500,4.5,4.26,1
H. P. Lovecraft,The Colour Out of Space,Novelette,,,1927,Fiction: Horror: Cosmic,78,4.5,4.03,1
J. K. Rowling,Harry Potter and the Chamber of Secrets,Novel,Harry Potter,2.0,1998,Fiction: Fantasy: Low,352,4.5,4.43,1
Paul Theroux,The Old Patagonian Express: By Train Through the Americas,Non-Fiction,,,1979,Non-Fiction: Travel,430,4.5,3.95,1
H. P. Lovecraft,The Festival,Short Story,,,1925,Fiction: Horror: Cosmic,6,4.5,4.34,1
H. P. Lovecraft,The Dreams in the Witch-House,Novelette,,,1933,Fiction: Horror: Cosmic,33,4.5,4.34,1
Andrzej Sapkowski,The Tower of Swallows,Novel,The Witcher,4.0,1997,Fiction: Fantasy: High,448,4.5,4.22,1
H. P. Lovecraft,The Horror at Red Hook,Novelette,,,1927,Fiction: Horror: Cosmic,24,4.5,4.34,1
J. K. Rowling,Harry Potter and the Philosopher's Stone,Novel,Harry Potter,1.0,1997,Fiction: Fantasy: Low,223,4.5,4.47,1
Andrzej Sapkowski,The Last Wish,Novel,,,1993,Fiction: Fantasy: High,400,4.5,4.14,1
Ted Chiang,Exhalation,Anthology,,,2019,Fiction: Science Fiction,368,4.5,4.28,1
Liliana Heker,La trastienda de la escritura,Non-Fiction,,,2019,Non-Fiction: Writing,272,4.5,4.18,1
Carl Sagan,Contact,Novel,,,1985,Fiction: Science Fiction: Hard,375,4.5,4.15,1
Brian W. Aldiss,Supertoys Last All Summer Long,Short Story,,,1969,Fiction: Science Fiction,11,4.5,3.48,1
Stephen King,Wolves of the Calla,Novel,The Dark Tower,5.0,2003,Fiction: Fantasy: Low,960,4.5,4.19,1
H. P. Lovecraft,From Beyond,Short Story,,,1934,Fiction: Horror: Cosmic,5,4.5,4.34,1
Stephen King,The Shining,Novel,The Shining,1.0,1977,Fiction: Horror,497,4.5,4.27,1
Alfred Lansing,Endurance: Shackleton's Incredible Voyage,Non-Fiction,,,1959,Non-Fiction: History,282,4.4,4.44,1
Ken Follett,The Pillars of the Earth,Novel,Kingsbridge,1.0,1989,Fiction: Historical,976,4.4,4.34,1
George R. R. Martin,A Game of Thrones,Novel,A Song of Ice and Fire,1.0,1996,Fiction: Fantasy: Epic,835,4.4,4.44,1
Jason Schreier,"Blood, Sweat, and Pixels: The Triumphant, Turbulent Stories Behind How Video Games Are Made",Non-Fiction,,,2017,Non-Fiction: Games,353,4.4,4.21,1
Ian Watson,The Walker in the Cemetery,Novelette,,,2010,Fiction: Horror: Cosmic,29,4.35,3.56,1
Ernest Cline,Ready Player One,Novel,Ready Player One,1.0,2011,Fiction: Science Fiction,374,4.3,4.23,1
H. P. Lovecraft,The Music of Erich Zann,Short Story,,,1922,Fiction: Horror: Cosmic,5,4.3,4.34,1
Kurt Vonnegut,Slaughterhouse-Five,Novel,,,1969,Fiction: Science Fiction,275,4.3,4.1,1
H. P. Lovecraft,Beyond the Wall of Sleep,Short Story,,,1919,Fiction: Horror: Cosmic,7,4.26,4.34,1
Douglas Coupland,Microserfs,Novel,,,1995,Fiction: Contemporary,466,4.25,3.89,1
Stephen King,Apt Pupil,Novel,,,1982,Fiction: Drama,196,4.25,4.35,1
Clive Barker,The Midnight Meat Train,Novelette,,,1984,Fiction: Horror,25,4.25,4.04,1
Philip K. Dick,The Cookie Lady,Short Story,,,1953,Fiction: Science Fiction,8,4.25,4.21,1
Philip K. Dick,Jon's World,Novelette,,,1954,Fiction: Science Fiction,30,4.25,4.21,1
Daniel Abraham,Abaddon's Gate,Novel,The Expanse,3.0,2013,Fiction: Science Fiction: Space Opera,539,4.25,4.27,2
Charles Petzold,Code: The Hidden Language of Computer Hardware and Software,Non-Fiction,,,1999,Non-Fiction: Science,396,4.25,4.39,1
Julian Barnes,A Short History of Hairdressing,Short Story,,,1997,Fiction: Literary,25,4.25,3.67,1
Jack Ketchum,The Girl Next Door,Novel,,,1989,Fiction: Horror,370,4.25,3.94,1
Stephen King,The Last Rung on the Ladder,Short Story,,,1978,Fiction: Drama,15,4.25,4.04,1
H. P. Lovecraft,Pickman's Model,Short Story,,,1927,Fiction: Horror: Cosmic,8,4.25,4.34,1
H. P. Lovecraft,The Cats of Ulthar,Short Story,,,1920,Fiction: Horror: Cosmic,2,4.25,4.34,1
David Mazzucchelli,Batman: Year One,Graphic Novel,,,1988,Fiction: Science Fiction,144,4.25,4.24,2
Isaac Asimov,Foundation,Novel,Foundation,1.0,1951,Fiction: Science Fiction,244,4.2,4.17,1
Adolfo Bioy Casares,La invención de Morel,Novella,,,1940,Fiction: Magic Realism,112,4.2,4.02,1
William Gibson,New Rose Hotel,Short Story,,,1984,Fiction: Science Fiction: Cyberpunk,15,4.2,4.06,1
Kurt Vonnegut,The Sirens of Titan,Novel,,,1959,Fiction: Science Fiction,224,4.2,4.15,1
Ken Follett,Fall of Giants,Novel,The Century,1.0,2010,Fiction: Historical,985,4.2,4.31,1
Isaac Asimov,Foundation and Empire,Novel,Foundation,2.0,1952,Fiction: Science Fiction,256,4.2,4.22,1
J. D. Salinger,The Catcher in the Rye,Novel,,,1951,Fiction: Magic Realism,234,4.2,3.8,1
J. K. Rowling,Harry Potter and the Prisoner of Azakaban,Novel,Harry Potter,3.0,1999,Fiction: Fantasy: Low,435,4.2,4.58,1
H. P. Lovecraft,The Shadow Over Innsmouth,Novella,,,1936,Fiction: Horror: Cosmic,158,4.2,4.1,1
Taylor Jenkins Reid,Daisy Jones & The Six,Novel,,,2019,Fiction: Drama,307,4.2,4.21,1
Andrzej Sapkowski,Sword of Destiny,Novel,,,1992,Fiction: Fantasy: High,405,4.2,4.27,1
H. P. Lovecraft,The Rats in the Walls,Novelette,,,1924,Fiction: Horror: Cosmic,12,4.2,4.34,1
H. P. Lovecraft,The Lurking Fear,Novelette,,,1928,Fiction: Horror: Cosmic,13,4.2,4.34,1
Brian W. Aldiss,Supertoys in Other Seasons,Short Story,,,2001,Fiction: Science Fiction,13,4.2,3.48,1
Stephen King,The Green Mile,Novel,,,1996,Fiction: Fantasy: Low,592,4.2,4.48,1
Aldous Huxley,Brave New World,Novel,,,1932,Fiction: Science Fiction: Dystopian,268,4.2,3.99,1
Michael Witwer,Empire of Imagination: Gary Gygax and the Birth of Dungeons & Dragons,Non-Fiction,,,2015,Non-Fiction: Games,302,4.2,3.72,1
Arthur C. Clarke,Rendezvous with Rama,Novel,Rama,1.0,1973,Fiction: Science Fiction,243,4.2,4.12,1
Ann Rule,The Stranger Beside Me,Non-Fiction,,,1980,Non-Fiction: Crime,618,4.2,4.14,1
H. P. Lovecraft,The Picture in the House,Short Story,,,1919,Fiction: Horror: Cosmic,5,4.2,4.34,1
H. P. Lovecraft,History of the Necronomicon,Short Story,,,1938,Fiction: Horror: Cosmic,1,4.2,4.34,1
George R. R. Martin,A Feast for Crows,Novel,A Song of Ice and Fire,4.0,2005,Fiction: Fantasy: Epic,1060,4.2,4.16,1
Ray Bradbury,The Illustrated Man,Anthology,,,1951,Fiction: Science Fiction,186,4.2,4.13,1
Philip Roth,The Plot Against America,Novel,,,2004,Fiction: Science Fiction: Alternative History,391,4.2,3.8,1
Ray Bradbury,Something Wicked This Way Comes,Novel,,,1962,Fiction: Fantasy,293,4.2,3.91,1
Dennis Lehane,Shutter Island,Novel,,,2003,Fiction: Mystery,369,4.2,4.12,1
Robert Silverberg,The Wind and the Rain,Short Story,,,1973,Fiction: Science Fiction,7,4.2,3.72,1
Emily St. John Mandel,Station Eleven,Novel,,,2014,Fiction: Science Fiction: Apocalyptic,333,4.2,4.07,1
Richard A. Lupoff,Nothing Personal,Short Story,,,2010,Fiction: Horror: Cosmic,11,4.2,3.56,1
Elizabeth Engstrom,When Darkness Loves Us,Novelette,,,1985,Fiction: Horror,65,4.15,4.02,1
Clark Ashton Smith,The Witchcraft of Ulua,Short Story,,,1934,Fiction: Horror,11,4.15,4.23,1
Peter Straub,The Talisman,Novel,The Talisman,1.0,1984,Fiction: Horror,569,4.15,4.12,2
Stephen King,"Secret Window, Secret Garden",Novella,,,1990,Fiction: Horror,130,4.15,3.95,1
Clive Barker,The Hellbound Heart,Novel,,,1986,Fiction: Horror,164,4.1,4.07,1
Stephen King,Wizard and Glass,Novel,The Dark Tower,4.0,1997,Fiction: Fantasy: Low,845,4.1,4.26,1
Caitlín R. Kiernan,Agents of Dreamland,Novella,Tinfoil Dossier,1.0,2017,Fiction: Horror: Cosmic,128,4.1,3.64,1
Blake Crouch,Dark Matter,Novel,,,2016,Fiction: Science Fiction,352,4.1,4.13,1
R. A. Salvatore,The Legacy,Novel,Legacy of the Drow,1.0,1992,Fiction: Fantasy: High,352,4.1,4.2,1
Clark Ashton Smith,The Tomb-Spawn,Short Story,,,1934,Fiction: Horror,10,4.1,4.23,1
Elizabeth Kostova,The Historian,Novel,,,2005,Fiction: Fantasy,704,4.1,3.8,1
Robert A. W. Lowndes,Settler's Wall,Novelette,,,1968,Fiction: Horror: Cosmic,29,4.1,3.68,1
H. P. Lovecraft,The Strange High House in the Mist,Short Story,,,1931,Fiction: Horror: Cosmic,6,4.1,4.34,1
Clark Ashton Smith,The Charnel God,Novelette,,,1934,Fiction: Horror,23,4.1,4.23,1
Robert Silverberg,Demons of Cthulhu,Short Story,,,1959,Fiction: Horror: Cosmic,16,4.05,3.68,1
R. A. Salvatore,Starless Night,Novel,Legacy of the Drow,2.0,1992,Fiction: Fantasy: High,476,4.0,4.15,1
Fred Chappell,Remnants,Novella,,,2010,Fiction: Horror: Cosmic,56,4.0,3.56,1
Jeff Lemire,Stations of the Cross,Graphic Novel,Gideon Falls,3.0,2019,Fiction: Horror: Cosmic,136,4.0,4.14,1
Jeff Lemire,The Black Barn,Graphic Novel,Gideon Falls,1.0,2018,Fiction: Horror: Cosmic,160,4.0,4.15,1
Robert Swindells,Brother in the Land,Novel,,,1984,Fiction: Science Fiction: Apocalyptic,220,4.0,3.96,1
Dan Brown,Angels & Demons,Novel,Robert Langdon,1.0,2000,Fiction: Thriller,736,4.0,3.94,1
Clark Ashton Smith,The Dark Eidolon,Novelette,,,1935,Fiction: Horror,29,4.0,4.23,1
Robert R. McCammon,Swan Song,Novel,,,1987,Fiction: Science Fiction: Apocalyptic,956,4.0,4.29,1
Robert W. Chambers,The King in Yellow,Anthology,,,1895,Fiction: Horror,224,4.0,3.55,1
Robert Harris,Fatherland,Novel,,,1992,Fiction: Science Fiction: Alternative History,380,4.0,4.01,1
Robert Graysmith,Zodiac: The Shocking Hugo Award Story of the Hunt for the Nation's Most Elusive Serial Killer,Non-Fiction,,,1986,Non-Fiction: Crime,307,4.0,3.91,1
Robert Graves,"I, Claudius",Novel,Claudius,1.0,1934,Fiction: Historical,468,4.0,4.24,1
Laird Barron,Vastation,Short Story,,,2010,Fiction: Horror: Cosmic,18,4.0,3.56,1
Jeff Lemire,The End,Graphic Novel,Gideon Falls,6.0,2021,Fiction: Horror: Cosmic,120,4.0,3.6,1
Jeff Lemire,Wicked Worlds,Graphic Novel,Gideon Falls,5.0,2020,Fiction: Horror: Cosmic,120,4.0,4.03,1
Kim Stanley Robinson,The Ministry for the Future,Novel,,,2020,Fiction: Science Fiction,563,4.0,3.87,1
Jeff Lemire,The Pentoculus,Graphic Novel,Gideon Falls,4.0,2020,Fiction: Horror: Cosmic,120,4.0,4.19,1
C. B. Jones,The Rules of the Road,Novel,,,2021,Fiction: Horror,336,4.0,3.85,1
Felix Blackwell,The Church Beneath the Roots,Novel,,,2024,Fiction: Horror,324,4.0,4.18,1
Stephen King,Sometimes They Come Back,Novelette,,,1974,Fiction: Horror,36,4.0,4.03,1
Gregory Frost,The Seals of New R'lyeh,Short Story,,,2010,Fiction: Horror: Cosmic,16,4.0,3.56,1
Ray Garton,Crucifax,Novel,,,1988,Fiction: Horror,387,4.0,3.71,1
Richard Ford,Rock Springs,Anthology,,,1987,Fiction: Literary,245,4.0,4.06,1
Ray Bradbury,Fahrenheit 451,Novel,,,1953,Fiction: Science Fiction,194,4.0,3.97,1
Ray Bradbury,I Sing the Body Electric! & Other Stories,Anthology,,,1969,Fiction: Science Fiction,336,4.0,4.05,1
Gawain Poet,Sir Gawain and the Green Knight,Novel,,,1350,Fiction: Fantasy,144,4.0,3.76,1
Emem,Hybrid Nature,Graphic Novel,Renaissance,5.0,2023,Fiction: Science Fiction: Apocalyptic,58,4.0,4.06,3
Cordwainer Smith,Under Old Earth,Novelette,The Instrumentality of Mankind,0.0,1966,Fiction: Science Fiction,24,4.0,4.13,1
Ray Bradbury,The October Country,Novel,,,1955,Fiction: Horror,334,4.0,4.12,1
Collin Kelly,Batman Beyond: Neo-Year,Graphic Novel,,,2022,Fiction: Science Fiction: Cyberpunk,208,4.0,3.91,1
Clark Ashton Smith,The Last Hieroglyph,Short Story,,,1935,Fiction: Horror,18,4.0,4.23,1
Clark Ashton Smith,The Isle of the Torturers,Short Story,,,1933,Fiction: Horror,16,4.0,4.23,1
David Kushner,Masters of Doom: How Two Guys Created an Empire and Transformed Pop Culture,Non-Fiction,,,2003,Non-Fiction: Games,339,4.0,4.29,1
David Brin,The Postman,Novel,,,1985,Fiction: Science Fiction: Apocalyptic,321,4.0,3.89,1
Dan Simmons,The Terror,Novel,,,2007,Fiction: Horror,769,4.0,4.07,1
Dan Simmons,Summer of Night,Novel,Season of Horror,1.0,1991,Fiction: Horror,600,4.0,4.04,1
Emem,Interzone,Graphic Novel,Renaissance,2.0,2019,Fiction: Science Fiction: Apocalyptic,56,4.0,3.98,3
Emem,Sui Juris,Graphic Novel,Renaissance,4.0,2021,Fiction: Science Fiction: Apocalyptic,56,4.0,4.0,3
Greg Bear,Petra,Short Story,,,1982,Fiction: Science Fiction: Cyberpunk,20,4.0,3.95,1
Grant Morrison,Nameless,Graphic Novel,,,2016,Fiction: Horror,193,4.0,3.5,1
Gerardo Bartolomé,El límite de las mentiras,Novel,,,2009,Fiction: Historical,256,4.0,4.24,1
George Orwell,1984,Novel,,,1949,Fiction: Science Fiction,368,4.0,4.19,1
George Orwell,Animal Farm,Novel,,,1945,Fiction: Fantasy,128,4.0,3.99,1
Ray Bradbury,The Halloween Tree,Novel,,,1972,Fiction: Fantasy,145,4.0,3.78,1
Robert R. McCammon,Boy's Life,Novel,,,1991,Fiction: Literary,625,4.0,4.39,1
Robert E. Howard,The Savage Tales of Solomon Kane,Novel,,,2004,Fiction: Fantasy: Low,414,4.0,4.06,1
Robert E. Howard,Conan,Novel,Conan,1.0,1967,Fiction: Fantasy: High,221,4.0,4.08,1
David Seltzer,The Omen,Novel,,,1976,Fiction: Horror,272,4.0,4.04,1
Robert Bloch,Psycho,Novel,Psycho,1.0,1959,Fiction: Horror,208,4.0,4.12,1
Robert Bloch,A Toy for Juliette,Short Story,,,1967,Fiction: Science Fiction,15,4.0,4.17,1
Richard P. Feynman,"""Surely You're Joking, Mr. Feynman!"": Adventures of a Curious Character",Non-Fiction,,,1985,Non-Fiction: Science,400,4.0,4.27,1
Jeff Lemire,Original Sins,Graphic Novel,Gideon Falls,2.0,2019,Fiction: Horror: Cosmic,136,4.0,4.27,1
Jerry Pournelle,Lucifer's Hammer,Novel,,,1977,Fiction: Science Fiction: Apocalyptic,629,4.0,4.0,2
Philip Pullman,The Golden Compass,Novel,His Dark Materials,1.0,1995,Fiction: Fantasy: Low,399,4.0,4.02,1
Philip Pullman,The Amber Spyglass,Novel,His Dark Materials,3.0,2000,Fiction: Fantasy: Low,465,4.0,4.1,1
Poppy Z. Brite,His Mouth Will Taste of Wormwood,Short Story,,,1990,Fiction: Horror: Cosmic,10,4.0,4.12,1
R. A. Salvatore,Sojourn,Novel,The Dark Elf Trilogy,3.0,1991,Fiction: Fantasy: High,309,4.0,4.22,1
R. A. Salvatore,Streams of Silver,Novel,The Icewind Dale Trilogy,2.0,1989,Fiction: Fantasy: High,342,4.0,4.17,1
R. A. Salvatore,Homeland,Novel,The Dark Elf Trilogy,1.0,1990,Fiction: Fantasy: High,343,4.0,4.26,1
R. A. Salvatore,Exile,Novel,The Dark Elf Trilogy,2.0,1990,Fiction: Fantasy: High,343,4.0,4.23,1
R. A. Salvatore,The Crystal Shard,Novel,The Icewind Dale Trilogy,1.0,1988,Fiction: Fantasy: High,344,4.0,4.12,1
R. A. Salvatore,The Halfling's Gem,Novel,The Icewind Dale Trilogy,3.0,1990,Fiction: Fantasy: High,352,4.0,4.19,1
Sam J. Lundwall,Nobody Here But Us Shadows,Short Story,,,1975,Fiction: Science Fiction,6,4.0,3.7,1
S. E. Hinton,The Outsiders,Novel,,,1967,Fiction: Drama,208,4.0,4.12,1
Ronald Malfi,Black Mouth,Novel,,,2022,Fiction: Horror,395,4.0,3.98,1
Scott Hawkins,The Library at Mount Char,Novel,,,2015,Fiction: Horror: Cosmic,390,4.0,4.09,1
Stephen King,The Mist,Novella,,,1980,Fiction: Horror: Cosmic,176,4.0,3.97,1
H. P. Lovecraft,The Book,Poetry,,,1934,Fiction: Horror: Cosmic,1,4.0,4.34,1
H. P. Lovecraft,The Evil Clergyman,Short Story,,,1939,Fiction: Horror: Cosmic,3,4.0,4.34,1
Philip Pullman,The Subtle Knife,Novel,His Dark Materials,2.0,1997,Fiction: Fantasy: Low,370,4.0,4.15,1
Philip K. Dick,The Gun,Short Story,,,1952,Fiction: Science Fiction,15,4.0,4.17,1
Philip K. Dick,The War with the Fnools,Short Story,,,1964,Fiction: Science Fiction,14,4.0,4.2,1
Philip K. Dick,Roog,Short Story,,,1953,Fiction: Science Fiction,6,4.0,4.17,1
H. P. Lovecraft,The Shunned House,Novelette,,,1928,Fiction: Horror: Cosmic,5,4.0,4.34,1
H. P. Lovecraft,The Street,Short Story,,,1920,Fiction: Horror: Cosmic,4,4.0,4.34,1
Brian Lumley,The Burrowers Beneath,Novel,Titus Crow,1.0,1974,Fiction: Horror: Cosmic,199,4.0,3.66,1
Stephen King,Doctor Sleep,Novel,The Shining,2.0,2013,Fiction: Horror,531,4.0,4.13,1
Stephen King,‘Salem's Lot,Novel,,,1975,Fiction: Horror,483,4.0,4.06,1
Stephen King,The Dead Zone,Novel,,,1979,Fiction: Horror,402,4.0,3.96,1
Stephen King,Misery,Novel,,,1987,Fiction: Horror,370,4.0,4.21,1
Stephen King,The Wind Through the Keyhole,Novel,,,2012,Fiction: Fantasy: Low,322,4.0,4.14,1
Dan Abnett,Xenos,Novel,Eisenhorn,1.0,2001,Fiction: Science Fiction: Grimdark,288,4.0,4.16,1
Stephen King,Rita Hayworth and Shawshank Redemption,Novella,,,1982,Fiction: Drama,102,4.0,4.35,1
Shirley Jackson,The Haunting of Hill House,Novel,,,1959,Fiction: Horror,182,4.0,3.82,1
Shirley Jackson,We Have Always Live in the Castle,Novel,,,1962,Fiction: Horror,160,4.0,3.95,1
Peter Benchley,Jaws,Novel,,,1974,Fiction: Horror,320,4.0,3.96,1
H. P. Lovecraft,The Doom that Came to Sarnath,Short Story,,,1920,Fiction: Horror: Cosmic,4,4.0,4.34,1
Charles Stross,A Colder War,Novelette,,,2000,Fiction: Horror: Cosmic,32,4.0,3.9,1
Paul Tremblay,A Head Full of Ghosts,Novel,,,2015,Fiction: Horror,287,4.0,3.79,1
H. P. Lovecraft,The Temple,Short Story,,,1925,Fiction: Horror: Cosmic,8,4.0,4.34,1
H. P. Lovecraft,The Alchemist,Short Story,,,1916,Fiction: Horror: Cosmic,8,4.0,4.34,1
P. Djèli Clark,Ring Shout,Novel,,,2020,Fiction: Horror: Cosmic,185,4.0,4.01,1
Patrick Rothfuss,The Name of the Wind,Novel,The Kingkiller Chronicle,1.0,2007,Fiction: Fantasy: High,662,4.0,4.52,1
Suzanne Collins,Mockingjay,Novel,The Hunger Games,3.0,2010,Fiction: Science Fiction: Dystopian,390,4.0,4.09,1
H. P. Lovecraft,The Tomb,Short Story,,,1922,Fiction: Horror: Cosmic,7,4.0,4.34,1
Steven L. Kent,The Ultimate History of Video Games: From Pong to Pokemon - The Story Behind the Craze That Touched Our Lives and Changed the World,Non-Fiction,,,2001,Non-Fiction: Games,608,4.0,4.13,1
Suzanne Collins,The Hunger Games,Novel,The Hunger Games,1.0,2008,Fiction: Science Fiction: Dystopian,374,4.0,4.34,1
Brian W. Aldiss,The Night That All Time Broke Out,Short Story,,,1967,Fiction: Science Fiction,16,4.0,4.17,1
Brian W. Aldiss,Supertoys When Winter Comes,Short Story,,,2001,Fiction: Science Fiction,11,4.0,3.48,1
Brian W. Aldiss,III,Short Story,,,2001,Fiction: Science Fiction: Apocalyptic,5,4.0,3.48,1
Orson Scott Card,Ender's Game,Novel,Ender's Saga,1.0,1985,Fiction: Science Fiction,324,4.0,4.31,1
Oliver Bowden,Renaissance,Novel,Assassin's Creed,1.0,2009,Fiction: Science Fiction,430,4.0,3.72,1
Octavia E. Butler,Speech Sounds,Short Story,,,1983,Fiction: Science Fiction: Apocalyptic,12,4.0,3.76,1
Neil Gaiman,Neverwhere,Novel,,,1996,Fiction: Fantasy: Low,370,4.0,4.17,1
Noah Gordon,The Physician,Novel,Cole Family,1.0,1986,Fiction: Historical,714,4.0,4.4,1
Neil Gaiman,The Ocean at the End of the Lane,Novel,,,2013,Fiction: Fantasy,195,4.0,4.02,1
Neil Gaiman,Coraline,Novel,,,2002,Fiction: Fantasy,176,4.0,4.12,1
Max Brooks,World War Z: An Oral History of the Zombie War,Novel,,,2006,Fiction: Horror,342,4.0,4.02,1
Neil Gaiman,Norse Mythology,Novel,,,2017,Fiction: Fantasy,301,4.0,4.11,1
H. P. Lovecraft,The Case of Charles Dexter Ward,Novel,,,1943,Fiction: Horror: Cosmic,128,4.0,4.13,1
Alfred Bester,The Demolished Man,Novel,,,1953,Fiction: Science Fiction,250,4.0,3.97,1
Alan Moore,Batman: The Killing Joke,Graphic Novel,,,1988,Fiction: Science Fiction,50,4.0,4.37,2
Arthur Conan Doyle,The Hound of the Baskervilles,Novel,Sherlock Holmes,5.0,1902,Fiction: Crime,256,4.0,4.13,1
Chen Qiufan,A History of Future Illnesses,Novelette,,,2012,Fiction: Science Fiction,32,4.0,3.85,1
Dan Abnett,Missing in Action,Short Story,,,2001,Fiction: Science Fiction: Grimdark,30,4.0,4.08,1
Cormac McCarthy,The Road,Novel,,,2006,Fiction: Science Fiction: Apocalyptic,241,4.0,3.99,1
H. G. Wells,The Time Machine,Novel,,,1895,Fiction: Science Fiction,118,4.0,3.89,1
H. P. Lovecraft,The Dream-Quest of Unknown Kadath,Novella,,,1943,Fiction: Horror: Cosmic,60,4.0,4.34,1
H. P. Lovecraft,The Whisperer in Darkness,Novella,,,1931,Fiction: Horror: Cosmic,76,4.0,3.9,1
Antoine de Saint-Exupéry,The Little Prince,Novel,,,1943,Fiction: Fantasy,96,4.0,4.32,1
Arthur Conan Doyle,The Sign of Four,Novel,Sherlock Holmes,2.0,1890,Fiction: Crime,129,4.0,3.9,1
H. P. Lovecraft,The Dunwich Horror,Novelette,,,1929,Fiction: Horror: Cosmic,46,4.0,3.81,1
H. P. Lovecraft,The Thing on the Doorstep,Novelette,,,1937,Fiction: Horror: Cosmic,18,4.0,4.34,1
Harlan Ellison,A Boy and His Dog,Novella,,,1969,Fiction: Science Fiction: Apocalyptic,77,4.0,3.85,1
Harlan Ellison,The Prowler in the City at the Edge of the World,Novelette,,,1967,Fiction: Science Fiction,30,4.0,4.17,1
Thomas Harris,The Silence of the Lambs,Novel,Hannibal Lecter,2.0,1988,Fiction: Horror,421,4.0,4.24,1
Suzanne Collins,Catching Fire,Novel,The Hunger Games,2.0,2009,Fiction: Science Fiction: Dystopian,391,4.0,4.33,1
Andrzej Sapkowski,Blood of Elves,Novel,The Witcher,1.0,1994,Fiction: Fantasy: High,398,4.0,4.1,1
Andrzej Sapkowski,Baptism of Fire,Novel,The Witcher,3.0,1996,Fiction: Fantasy: High,349,4.0,4.26,1
Timothy Ferris,Coming of Age in the Milky Way,Non-Fiction,,,1988,Non-Fiction: Science,512,4.0,4.16,1
Thomas Olde Heuvelt,Hex,Novel,,,2013,Fiction: Horror,384,4.0,3.73,1
Thomas M. Disch,Descending,Short Story,,,1964,Fiction: Science Fiction,8,4.0,4.1,1
Thomas Harris,Red Dragon,Novel,Hannibal Lecter,1.0,1981,Fiction: Horror,454,4.0,4.06,1
Martin D. Brown,Dr. Xander's Cottage,Short Story,,,1941,Fiction: Horror: Cosmic,4,4.0,3.68,1
Mark Frost,The Secret History of Twin Peaks,Novel,,,2016,Fiction: Mystery,362,4.0,3.95,1
Marguerite Yourcenar,Oriental Tales,Anthology,,,1938,Fiction: Literary,160,4.0,3.87,1
Manly Wade Wellman,The Terrible Parchment,Short Story,,,1937,Fiction: Horror: Cosmic,6,4.0,4.18,1
Bruce Sterling,Mozart in Mirrorshades,Short Story,,,1985,Fiction: Science Fiction: Cyberpunk,16,4.0,3.95,2
Lawrence Wright,The Looming Tower: Al-Qaeda and the Road to 9/11,Non-Fiction,,,2006,Non-Fiction: Politics,593,4.0,4.35,1
Washington Irving,The Legend of Sleepy Hollow,Novel,,,1820,Fiction: Horror: Gothic,108,4.0,3.71,1
Warren Ellis,Lust for Life,Graphic Novel,Transmetropolitan,2.0,1999,Fiction: Science Fiction: Cyberpunk,208,4.0,4.34,1
Warren Ellis,Year of the Bastard,Graphic Novel,Transmetropolitan,3.0,1999,Fiction: Science Fiction: Cyberpunk,144,4.0,4.41,1
Warren Ellis,Back on the Street,Graphic Novel,Transmetropolitan,1.0,1998,Fiction: Science Fiction: Cyberpunk,72,4.0,3.21,1
Walter Isaacson,Einstein: His Life and Universe,Non-Fiction,,,2007,Non-Fiction: Biology,675,4.0,4.16,1
Victor LaValle,The Ballad of Black Tom,Novel,,,2016,Fiction: Horror: Cosmic,149,4.0,3.86,1
Andrzej Sapkowski,Time of Contempt,Novel,The Witcher,2.0,1995,Fiction: Fantasy: High,331,4.0,4.16,1
Harlan Ellison,"""Repent, Harlequin!"" Said the Ticktockman",Short Story,,,1965,Fiction: Science Fiction,15,4.0,4.15,1
Han Song,Salinger and the Koreans,Short Story,,,2016,Fiction: Science Fiction,10,4.0,3.85,1
H. P. Lovecraft,At the Mountains of Madness,Novel,,,1936,Fiction: Horror: Cosmic,194,4.0,3.82,1
Clive Barker,The Thief of Always,Novel,,,1992,Fiction: Horror,225,4.0,4.21,1
Daniel Suarez,Daemon,Novel,Daemon,1.0,2006,Fiction: Science Fiction,632,4.0,4.16,1
Stephen King,Gray Matter,Short Story,,,1973,Fiction: Horror,16,4.0,4.04,1
Ursula K. Le Guin,The Word for World Is Forest,Novel,,,1972,Fiction: Science Fiction,160,4.0,4.04,1
James Tynion IV,The End of the World,Graphic Novel,The Department of Truth,1.0,2020,Fiction: Science Fiction,144,4.0,4.11,2
Daniel Abraham,Caliban's War,Novel,The Expanse,2.0,2012,Fiction: Science Fiction: Space Opera,624,4.0,4.38,2
Clive Barker,The Book of Blood,Short Story,,,1984,Fiction: Horror,11,4.0,4.04,1
Brian W. Aldiss,The Pause Button,Short Story,,,1997,Fiction: Science Fiction,3,4.0,3.48,1
Philippa Evans,Angelus,Short Story,,,2022,Fiction: Horror,19,4.0,3.71,1
Daniel Abraham,Leviathan Wakes,Novel,The Expanse,1.0,2011,Fiction: Science Fiction: Space Opera,592,4.0,4.3,2
Yuval Noah Harari,Sapiens: A Brief History of Humankind,Non-Fiction,,,2011,Non-Fiction: History,496,4.0,4.36,1
Caleb Stephens,The Crowing,Short Story,,,2022,Fiction: Horror,17,4.0,3.71,1
Xia Jia,"Goodnight, Melancholy",Novelette,,,2015,Fiction: Science Fiction,42,4.0,3.85,1
Bruce Sterling,"Red Star, Winter Orbit",Short Story,,,1983,Fiction: Science Fiction: Cyberpunk,21,4.0,3.95,2
J. G. Ballard,Empire of the Sun,Novel,,,1984,Fiction: Historical,351,4.0,3.98,1
Isaac Asimov,"I, Robot",Anthology,,,1950,Fiction: Science Fiction,224,4.0,4.21,1
Stephen King,Graveyard Shift,Short Story,,,1970,Fiction: Horror,18,4.0,4.04,1
Stephen Kinzer,Poisoner in Chief: Sidney Gottlieb and the CIA Search for Mind Control,Non-Fiction,,,2019,Non-Fiction: History,355,4.0,4.08,1
Larry Niven,Ringworld,Novel,,,1970,Fiction: Science Fiction,288,4.0,3.95,1
Stephen King,One for the Road,Short Story,,,1977,Fiction: Horror,21,4.0,4.04,1
Kurt Vonnegut,Breakfast of Champions,Novel,,,1973,Fiction: Science Fiction,303,4.0,4.07,1
Koji Suzuki,Ring,Novel,Ring,1.0,1991,Fiction: Horror,282,4.0,3.8,1
Kim Stanley Robinson,New York 2140,Novel,,,2017,Fiction: Science Fiction: Climate,623,4.0,3.59,1
Laird Barron,The Croning,Novel,,,2012,Fiction: Horror: Cosmic,245,4.0,3.72,1
Jorge Luis Borges,El libro de arena,Anthology,,,1975,Fiction: Magic Realism,143,4.0,4.11,1
Jonathan L. Howard,Carter & Lovecraft,Novel,Carter & Lovecraft,1.0,2015,Fiction: Horror: Cosmic,306,4.0,3.86,1
Jody Houser,Stranger Things and Dungeons & Dragons,Graphic Novel,,,2021,Fiction: Science Fiction,96,4.0,3.99,1
John Wyndham,The Day of the Triffids,Novel,,,1951,Fiction: Science Fiction: Apocalyptic,228,4.0,4.01,1
Clark Ashton Smith,Xeethra,Novelette,,,1934,Fiction: Horror,20,4.0,4.23,1
Clark Ashton Smith,The Death of Ilalotha,Short Story,,,1937,Fiction: Horror,12,4.0,4.23,1
Colum McCann,This Side of Brightness,Novel,,,1998,Fiction: Literary,304,4.0,3.86,1
Adam Roberts,Get Started in Writing Science Fiction and Fantasy: How to Write Compelling and Imaginative Sci-Fi and Fantasy Fiction,Non-Fiction,,,2014,Non-Fiction: Writing,256,4.0,4.19,1
Alan Moore,The Courtyard,Graphic Novel,,,2003,Fiction: Horror: Cosmic,56,3.9,3.6,1
Stephen King,The Langoliers,Novella,,,1990,Fiction: Horror: Cosmic,206,3.9,3.95,1
Adam Nevill,The Ritual,Novel,,,2011,Fiction: Horror: Folk,418,3.9,3.6,1
Clark Ashton Smith,The Weaver in the Vault,Short Story,,,1934,Fiction: Horror,13,3.9,4.23,1
R. A. Salvatore,Siege of Darkness,Novel,Legacy of the Drow,3.0,1993,Fiction: Fantasy: High,337,3.9,4.19,1
Alan Moore,From Hell,Graphic Novel,,,1999,Fiction: Historical,560,3.9,4.19,1
Clark Ashton Smith,Morthylla,Short Story,,,1953,Fiction: Horror,10,3.9,4.23,1
Clark Ashton Smith,The Black Abbot of Puthuum,Novelette,,,1936,Fiction: Horror,23,3.9,4.23,1
Charles Dickens,A Christmas Carol,Novel,,,1843,Fiction: Fantasy,184,3.9,4.08,1
Stephen King,The Boogeyman,Short Story,,,1973,Fiction: Horror,15,3.9,4.04,1
Alfred Bester,Hobson's Choice,Short Story,,,1952,Fiction: Science Fiction,9,3.9,3.84,1
Emem,The Uprooted,Graphic Novel,Renaissance,1.0,2018,Fiction: Science Fiction: Apocalyptic,59,3.8,3.85,3
H. P. Lovecraft,The Quest of Iranon,Short Story,,,1935,Fiction: Horror: Cosmic,4,3.8,4.34,1
George R. R. Martin,A Dance with Dragons,Novel,A Song of Ice and Fire,5.0,2011,Fiction: Fantasy: Epic,1125,3.8,4.34,1
H. P. Lovecraft,The Hound,Short Story,,,1924,Fiction: Horror: Cosmic,5,3.8,4.34,1
R. A. Lafferty,Dream,Short Story,,,1962,Fiction: Science Fiction,4,3.78,4.1,1
Isabel Allende,El reino del dragón de oro,Novel,,,2003,Fiction: Magic Realism,432,3.75,3.88,1
Michael Crichton,Timeline,Novel,,,1999,Fiction: Science Fiction,489,3.75,3.87,1
Philip K. Dick,Beyond the Door,Short Story,,,1954,Fiction: Science Fiction,6,3.75,4.21,1
Stephen King,Night Surf,Short Story,,,1969,Fiction: Science Fiction: Apocalyptic,9,3.75,4.04,1
L. Sprague de Camp,Preface to the Al-Azif,Non-Fiction,,,1973,Fiction: Horror: Cosmic,5,3.75,3.68,1
Jeff VanderMeer,Annihilation,Novel,Southern Reach,1.0,2014,Fiction: Science Fiction,195,3.75,3.77,1
Brian W. Aldiss,Cognitive Ability and the Light Bulb,Short Story,,,2000,Fiction: Science Fiction,3,3.75,3.48,1
Philip K. Dick,The Cosmic Poachers,Short Story,,,1953,Fiction: Science Fiction,12,3.75,4.21,1
Aldous Huxley,The Devils of Loundun,Non-Fiction,,,1952,Non-Fiction: History,400,3.75,3.86,1
Alan Moore,Neonomicon,Graphic Novel,,,2011,Fiction: Horror: Cosmic,176,3.75,3.46,1
Elizabeth Strout,Olive Kitteridge,Novel,,,2008,Fiction: Literary,270,3.75,3.86,1
John Brunner,Concerning the Forthcoming Inexpensive Paperback Translation of the Necronomicon of Abdul Alhazred,Novelette,,,1992,Fiction: Horror: Cosmic,36,3.75,3.68,1
Algernon Blackwood,The Willows,Novel,,,1907,Fiction: Horror,105,3.75,4.07,1
Philip José Farmer,Riders of the Purple Wage,Novella,,,1967,Fiction: Science Fiction,80,3.75,4.17,1
H. P. Lovecraft,In the Vault,Short Story,,,1925,Fiction: Horror: Cosmic,5,3.75,4.34,1
Stephen King,Strawberry Spring,Short Story,,,1968,Fiction: Horror,12,3.75,4.04,1
H. P. Lovecraft,Polaris,Short Story,,,1920,Fiction: Horror: Cosmic,3,3.75,4.34,1
Stephen King,Desperation,Novel,,,1996,Fiction: Horror,547,3.75,3.85,1
Dirk Wylie,The Mantle of Graag,Short Story,,,1996,Fiction: Horror: Cosmic,9,3.75,3.68,3
Dennis Lehane,Mystic River,Novel,,,2001,Fiction: Crime,416,3.75,4.17,1
Stephen King,Carrie,Novel,,,1974,Fiction: Horror,272,3.75,3.98,1
Robert Sheckley,In a Land of Clear Colors,Novelette,,,1976,Fiction: Science Fiction,25,3.75,3.67,1
Brandon Sanderson,The Final Empire,Novel,Mistborn,1.0,2006,Fiction: Fantasy: High,537,3.75,4.48,1
Stephen King,The Dark Half,Novel,,,1989,Fiction: Horror,469,3.75,3.8,1
Henry Bernard Davis Kettlewell,Charles Darwin and His World,Non-Fiction,,,1965,Non-Fiction: Science,144,3.75,3.9,2
Jason Stanley,How Fascism Works: The Politics of Us and Them,Non-Fiction,,,2018,Non-Fiction: Politics,218,3.75,4.25,1
Clark Ashton Smith,The Master of Crabs,Short Story,,,1948,Fiction: Horror,15,3.75,4.23,1
E. M. Forster,The Machine Stops,Novelette,,,1909,Fiction: Science Fiction,27,3.75,4.06,2
Matt Cardin,The New Pauline Corpus,Short Story,,,2010,Fiction: Horror: Cosmic,16,3.75,3.56,1
Stephen King,I Know What You Need,Novelette,,,1976,Fiction: Horror,29,3.75,4.04,1
Stephen King,Children of the Corn,Novelette,,,1977,Fiction: Horror,38,3.75,4.04,1
Adam Nevill,Last Days,Novel,,,2012,Fiction: Horror,531,3.75,3.77,1
Stephen King,Firestarter,Novel,,,1980,Fiction: Horror,564,3.75,3.91,1
Stephen King,The Lawnmower Man,Short Story,,,1975,Fiction: Horror,12,3.75,4.04,1
Stephen King,The Mangler,Novelette,,,1972,Fiction: Horror,26,3.75,4.04,1
Stephen King,"Quitters, Inc.",Short Story,,,1978,Fiction: Horror,26,3.75,4.04,1
Ramsey Campbell,The Faces at Pine Dunes,Novelette,,,1980,Fiction: Horror: Cosmic,26,3.75,4.12,1
Gregory Benford,In the Ocean of Night,Novel,Galactic Center,1.0,1977,Fiction: Science Fiction,450,3.75,3.63,1
H. P. Lovecraft,The Descendant,Short Story,,,1926,Fiction: Horror: Cosmic,3,3.75,4.34,1
H. P. Lovecraft,The White Ship,Short Story,,,1919,Fiction: Horror: Cosmic,4,3.75,4.34,1
H. P. Lovecraft,The Statement of Randolph Carter,Short Story,,,1920,Fiction: Horror: Cosmic,4,3.75,4.34,1
H. P. Lovecraft,He,Short Story,,,1926,Fiction: Horror: Cosmic,7,3.75,4.34,1
H. P. Lovecraft,Cool Air,Short Story,,,1928,Fiction: Horror: Cosmic,6,3.75,4.34,1
H. P. Lovecraft,The Transition of Juan Romero,Short Story,,,1919,Fiction: Horror: Cosmic,5,3.75,4.34,1
H. P. Lovecraft,Old Bugs,Short Story,,,1959,Fiction: Horror: Cosmic,5,3.75,4.34,1
James Tiptree,The Man Who Walked Home,Short Story,,,1972,Fiction: Science Fiction,10,3.75,4.18,1
H. P. Lovecraft,The Unnamable,Short Story,,,1925,Fiction: Horror: Cosmic,5,3.75,4.34,1
Matthew Kneale,Rome: A History in Seven Sackings,Non-Fiction,,,2017,Non-Fiction: History,418,3.75,3.86,1
Stephen King,Battleground,Short Story,,,1972,Fiction: Horror,13,3.75,4.04,1
Paul Theroux,The Great Railway Bazaar: By Train Through Asia,Non-Fiction,,,1975,Non-Fiction: Travel,342,3.75,3.9,1
Angélica Gorodischer,Kalpa Imperial,Novel,,,1983,Fiction: Science Fiction,246,3.75,3.94,1
Arthur Machen,The Great God Pan and Other Horror Stories,Anthology,,,1894,Fiction: Horror: Cosmic,389,3.75,3.9,1
Stephen King,Under the Dome,Novel,,,2009,Fiction: Science Fiction,1074,3.75,3.92,1
Stephen King,Cujo,Novel,,,1981,Fiction: Horror,432,3.75,3.78,1
Stephen King,Mr. Mercedes,Novel,Bill Hodges,1.0,2014,Fiction: Thriller,437,3.75,4.01,1
Stephen King,Finders Keepers,Novel,Bill Hodges,2.0,2015,Fiction: Thriller,434,3.75,4.06,1
Harry Harrison,By the Falls,Short Story,,,1970,Fiction: Science Fiction,5,3.75,3.81,1
H. P. Lovecraft,The Other Gods,Short Story,,,1933,Fiction: Horror: Cosmic,3,3.7,4.34,1
H. P. Lovecraft,The Terrible Old Man,Short Story,,,1921,Fiction: Horror: Cosmic,2,3.7,4.34,1
Douglas Preston,Relic,Novel,Aloysius Pendergast,1.0,1995,Fiction: Crime,480,3.7,4.05,2
H. P. Lovecraft,The Moon-Bog,Short Story,,,1926,Fiction: Horror: Cosmic,5,3.6,4.34,1
Frank Herbert,Dune Messiah,Novel,Dune,2.0,1969,Fiction: Science Fiction,337,3.6,3.89,1
H. P. Lovecraft,Ex Oblivione,Poetry,,,1921,Fiction: Horror: Cosmic,2,3.6,4.34,1
H. P. Lovecraft,The Very Old Folk,Short Story,,,1927,Fiction: Horror: Cosmic,7,3.6,4.34,1
Steffan B. Aletti,The Castle in the Window,Short Story,,,1968,Fiction: Horror: Cosmic,13,3.6,3.68,1
Mike Allen,Her Acres of Pastoral Playground,Short Story,,,2010,Fiction: Horror: Cosmic,17,3.6,3.56,1
Michael Swanwick,Dogfight,Novelette,,,1985,Fiction: Science Fiction: Cyberpunk,26,3.5,4.06,2
Jack Vance,The Secret,Short Story,,,1966,Fiction: Science Fiction,5,3.5,4.19,1
William Golding,Lord of the Flies,Novel,,,1954,Fiction: Literary,182,3.5,3.69,1
J. L. Kiefer,Palette,Short Story,,,2022,Fiction: Horror,12,3.5,3.71,1
Clive Barker,The Yattering and Jack,Novelette,,,1984,Fiction: Horror,20,3.5,4.04,1
Brian W. Aldiss,A Matter of Mathematics,Short Story,,,2001,Fiction: Science Fiction,15,3.5,3.48,1
Stephen King,I Am the Doorway,Short Story,,,1971,Fiction: Science Fiction,16,3.5,4.04,1
Stephen King,Trucks,Short Story,,,1973,Fiction: Horror,22,3.5,4.04,1
Clive Barker,Pig Blood Blues,Novelette,,,1984,Fiction: Horror,29,3.5,4.04,1
Frank Belknap Long,John Dee's Necronomicon: A Fragment,Short Story,,,1996,Fiction: Horror: Cosmic,1,3.5,3.68,1
Stephen King,The Ledge,Short Story,,,1976,Fiction: Horror,22,3.5,4.04,1
Jack Vance,The Dying Earth,Anthology,The Dying Earth,1.0,1950,Fiction: Fantasy: High,156,3.5,3.9,1
John Shirley,Freezone,Novella,,,1986,Fiction: Science Fiction: Cyberpunk,39,3.5,3.95,1
Jon Bing,A Whiter Shade of Pale,Short Story,,,1974,Fiction: Science Fiction,10,3.5,3.71,1
Agatha Christie,And Then There Where None,Novel,,,1939,Fiction: Crime,264,3.5,4.28,1
Ursula K. Le Guin,A Wizard of Earthsea,Novel,Earthsea Cycle,1.0,1968,Fiction: Fantasy: High,183,3.5,4.01,1
Brian W. Aldiss,Marvells of Utopia,Short Story,,,2001,Fiction: Science Fiction,3,3.5,3.48,1
William Gibson,Hinterlands,Short Story,,,1981,Fiction: Science Fiction: Cyberpunk,22,3.5,4.06,1
Brian W. Aldiss,Galaxy Zee,Short Story,,,2001,Fiction: Science Fiction,6,3.5,3.48,1
Brian W. Aldiss,A Whiter Mars: A Socratic Dialogue of Times to Come,Short Story,,,1995,Fiction: Science Fiction,14,3.5,3.48,1
Basil Copper,Shaft Number 247,Novelette,,,1980,Fiction: Horror: Cosmic,25,3.5,4.12,1
Baoshu,What Has Passed Shall in Kinder Light Appear,Novella,,,2015,Fiction: Science Fiction,72,3.5,3.85,1
Tom Maddox,Snake-Eyes,Short Story,,,1986,Fiction: Science Fiction: Cyberpunk,22,3.5,3.95,1
T. E. D. Klein,Black Man with a Horn,Novelette,,,1980,Fiction: Horror: Cosmic,36,3.5,4.12,1
H. P. Lovecraft,Celephaïs,Short Story,,,1922,Fiction: Horror: Cosmic,4,3.5,4.34,1
Tang Fei,Broken Stars,Short Story,,,2016,Fiction: Science Fiction,28,3.5,3.85,1
Philip K. Dick,The Transmigration of Timothy Archer,Novel,,,1982,Fiction: Science Fiction,255,3.5,3.89,1
H. P. Lovecraft,Azathoth,Short Story,,,1922,Fiction: Horror: Cosmic,1,3.5,4.34,1
Philip K. Dick,Not by Its Cover,Short Story,,,1968,Fiction: Science Fiction,10,3.5,4.19,1
Philip K. Dick,A Game of Unchance,Novelette,,,1964,Fiction: Science Fiction,23,3.5,4.2,1
Michael Moorcock,Elric of Melniboné,Novel,Elric,1.0,1972,Fiction: Fantasy: High,181,3.5,3.89,1
Miriam Allen deFord,The Malley System,Short Story,,,1967,Fiction: Science Fiction,11,3.5,4.17,1
Lewis Shiner,Till Human Voices Wake Us,Short Story,,,1984,Fiction: Science Fiction: Cyberpunk,14,3.5,3.95,1
Ma Boyong,The First Emperor's Games,Short Story,,,2016,Fiction: Science Fiction,12,3.5,3.85,1
Lawrence Watt-Evans,Pickman's Modem,Short Story,,,1992,Fiction: Horror: Cosmic,6,3.5,4.12,1
J. K. Rowling,Harry Potter and the Order of the Phoenix,Novel,Harry Potter,5.0,2003,Fiction: Fantasy: Low,912,3.5,4.5,1
J. K. Rowling,Harry Potter and the Goblet of Fire,Novel,Harry Potter,4.0,2000,Fiction: Fantasy: Low,724,3.5,4.57,1
J. K. Rowling,Harry Potter and the Half-Blood Prince,Novel,Harry Potter,6.0,2005,Fiction: Fantasy: Low,652,3.5,4.58,1
H. P. Lovecraft,The Shadow Out of Time,Novella,,,1936,Fiction: Horror: Cosmic,136,3.5,3.87,1
H. P. Lovecraft,The Tree,Short Story,,,1921,Fiction: Horror: Cosmic,3,3.5,4.34,1
H. P. Lovecraft,The Silver Key,Short Story,,,1929,Fiction: Horror: Cosmic,8,3.5,4.34,1
Hao Jingfang,The New Year Train,Short Story,,,2017,Fiction: Science Fiction,8,3.5,3.85,1
Paul Di Filippo,Stone Lives,Novelette,,,1985,Fiction: Science Fiction: Cyberpunk,24,3.5,3.95,1
Pat Cadigan,Rock On,Short Story,,,1984,Fiction: Science Fiction: Cyberpunk,9,3.5,3.95,1
H. P. Lovecraft,Facts Concerning the Late Arthur Jermyn and His Family,Short Story,,,1921,Fiction: Horror: Cosmic,6,3.5,4.34,1
H. P. Lovecraft,Hypnos,Short Story,,,1922,Fiction: Horror: Cosmic,5,3.5,4.34,1
Chen Qiufan,Coming of the Light,Novelette,,,2012,Fiction: Science Fiction,30,3.5,3.85,1
Chuck Hogan,The Strain,Novel,The Strain,1.0,2009,Fiction: Horror,403,3.5,3.79,2
Ellis Peters,A Morbid Taste for Bones,Novel,Chronicles of Brother Cadfael,1.0,1977,Fiction: Historical,197,3.5,3.97,1
Edward Rutherfurd,Sarum: The Novel of England,Novel,,,1987,Fiction: Historical,912,3.5,4.08,1
Brandon Sanderson,The Well of Ascension,Novel,Mistborn,2.0,2007,Fiction: Fantasy: High,578,3.5,4.38,1
Cixin Liu,Moonlight,Short Story,,,2009,Fiction: Science Fiction,18,3.5,3.85,1
Brian W. Aldiss,Beef,Short Story,,,2001,Fiction: Science Fiction,4,3.5,3.48,1
Stephen King,Insomnia,Novel,,,1994,Fiction: Horror,896,3.5,3.83,1
Brian W. Aldiss,Apogee Again,Short Story,,,2000,Fiction: Science Fiction: Apocalyptic,9,3.5,3.48,1
Brian W. Aldiss,The Old Mythyology,Short Story,,,2001,Fiction: Science Fiction: Apocalyptic,16,3.5,3.48,1
Brian W. Aldiss,Nothing in Life Is Ever Enough,Short Story,,,2000,Fiction: Science Fiction,17,3.5,3.48,1
Stephen King,The Institute,Novel,,,2019,Fiction: Science Fiction,561,3.5,4.2,1
Doris Piserchia,Deathrights Deferred,Short Story,,,1976,Fiction: Science Fiction,16,3.5,3.41,1
Brian W. Aldiss,Creatures of Apogee,Short Story,,,1977,Fiction: Science Fiction,4,3.5,3.6,1
F. Paul Wilson,The Keep,Novel,,,1981,Fiction: Horror,403,3.5,3.99,1
Rudy Rucker,Tales of Houdini,Short Story,,,1981,Fiction: Science Fiction: Cyberpunk,7,3.5,3.95,1
Don Webb,Sanctuary,Short Story,,,2010,Fiction: Horror: Cosmic,19,3.5,3.56,1
John R. Fultz,This is How the World Ends,Short Story,,,2010,Fiction: Horror: Cosmic,11,3.5,3.56,1
Jay Lake,Such Bright and Risen Madness in Our Names,Short Story,,,2010,Fiction: Horror: Cosmic,8,3.5,3.56,1
Clark Ashton Smith,The Garden of Adompha,Short Story,,,1938,Fiction: Horror,11,3.5,4.23,1
Cordwainer Smith,"Think Blue, Count Two",Short Story,The Instrumentality of Mankind,0.0,1963,Fiction: Science Fiction,36,3.5,3.93,1
Roger Zelazny,Nine Princes in Amber,Novel,The Chronicles of Amber,1.0,1970,Fiction: Fantasy,175,3.5,4.06,1
Julian Barnes,The Things You Know,Short Story,,,2004,Fiction: Literary,18,3.5,3.67,1
Steven Erikson,Gardens of the Moon,Novel,Malazan Book of the Fallen,1.0,1999,Fiction: Fantasy: Epic,666,3.5,3.92,1
August Derleth,The House in the Valley,Novelette,,,1953,Fiction: Horror: Cosmic,33,3.5,3.73,1
August Derleth,The Seal of R'lyeh,Novelette,,,1957,Fiction: Horror: Cosmic,31,3.5,3.73,1
Thomas M. Disch,Casablanca,Novelette,,,1967,Fiction: Science Fiction,18,3.5,3.58,2
August Derleth,Something in Wood,Short Story,,,1948,Fiction: Horror: Cosmic,16,3.5,3.73,1
Julian Barnes,Appetite,Short Story,,,2000,Fiction: Literary,16,3.5,3.67,1
August Derleth,The Return of Hastur,Novelette,,,1939,Fiction: Horror: Cosmic,33,3.5,3.73,1
August Derleth,The Whippoorwills in the Hills,Novelette,,,1948,Fiction: Horror: Cosmic,28,3.5,3.73,1
Clark Ashton Smith,The Empire of the Necromancers,Short Story,,,1932,Fiction: Horror,10,3.5,4.23,1
Robert Bloch,Strange Eons,Novel,,,1978,Fiction: Horror: Cosmic,249,3.25,3.62,1
Brian Stableford,The Holocaust of Ecstasy,Short Story,,,2010,Fiction: Horror: Cosmic,18,3.25,3.56,1
Brandon Sanderson,The Hero of Ages,Novel,Mistborn,3.0,2008,Fiction: Fantasy: High,572,3.25,4.53,1
H. P. Lovecraft,Memory,Poetry,,,1919,Fiction: Horror: Cosmic,1,3.25,4.34,1
Thomas Ligotti,The Last Feast of Harlequin,Novelette,,,1990,Fiction: Horror: Cosmic,33,3.25,4.12,1
H. P. Lovecraft,Ibid,Short Story,,,1938,Fiction: Horror: Cosmic,3,3.25,4.34,1
Jack Vance,The Mitr,Short Story,,,1953,Fiction: Science Fiction,4,3.25,4.19,1
Stephen King,The Man Who Loved Flowers,Short Story,,,1977,Fiction: Horror,7,3.25,4.04,1
H. P. Lovecraft,A Reminiscence of Dr. Samuel Johnson,Short Story,,,1917,Fiction: Horror: Cosmic,5,3.25,4.34,1
Manuel Van Loggem,Pairpuppets,Short Story,,,1976,Fiction: Science Fiction,5,3.25,3.7,1
Gilles Thomas,Ground Zero,Graphic Novel,Savage Highway,3.0,2017,Fiction: Science Fiction: Apocalyptic,56,3.25,3.51,3
H. P. Lovecraft,What the Moon Brings,Poetry,,,1922,Fiction: Horror: Cosmic,2,3.25,4.34,1
Gilles Thomas,Trouble Halfway,Graphic Novel,Savage Highway,2.0,2015,Fiction: Science Fiction: Apocalyptic,55,3.25,3.64,3
Gilles Thomas,Hit the Road,Graphic Novel,Savage Highway,1.0,2015,Fiction: Science Fiction: Apocalyptic,55,3.25,3.49,3
H. P. Lovecraft,Nyarlathotep,Poetry,,,1920,Fiction: Horror: Cosmic,2,3.25,4.34,1
David R. Bunch,Penance Day in Moderan,Short Story,,,1960,Fiction: Science Fiction,4,3.25,3.83,1
George R. R. Martin,A Clash of Kings,Novel,A Song of Ice and Fire,2.0,1998,Fiction: Fantasy: Epic,784,3.2,4.42,1
Adrian Tchaikovsky,Spiderlight,Novel,,,2016,Fiction: Fantasy: High,298,3.2,4.12,1
Stephen King,The Woman in the Room,Short Story,,,1978,Fiction: Drama,17,3.15,4.04,1
Clark Ashton Smith,Zothique,Poetry,,,1951,Fiction: Horror,2,3.0,4.23,1
August Derleth,The Sandwin Compact,Novelette,,,1940,Fiction: Horror: Cosmic,28,3.0,3.73,1
John Langan,The Shallows,Novelette,,,2010,Fiction: Horror: Cosmic,26,3.0,3.56,1
Dan Brown,Deception Point,Novel,,,2001,Fiction: Thriller,556,3.0,3.75,1
Dan Brown,Digital Fortress,Novel,,,1998,Fiction: Thriller,510,3.0,3.69,1
Clark Ashton Smith,The Voyage of King Euvoran,Novelette,,,1933,Fiction: Horror,26,3.0,4.23,1
Franz Kafka,The Metamorphosis,Novella,,,1915,Fiction: Literary,72,3.0,3.91,1
Robert F. Young,Goddess in Granite,Novelette,,,1957,Fiction: Science Fiction,13,3.0,3.77,1
Bruce Sterling,The Unthinkable,Short Story,,,1991,Fiction: Horror: Cosmic,6,3.0,4.12,1
Edgar Allan Poe,The Fall of the House of Usher,Short Story,,,1839,Fiction: Horror,36,3.0,3.88,1
Douglas Adams,The Restaurant at the End of the Universe,Novel,The Hitchhiker's Guide to the Galaxy,2.0,1980,Fiction: Science Fiction,250,3.0,4.21,1
Robert Louis Stevenson,Dr. Jekyll and Mr. Hyde,Novel,,,1886,Fiction: Horror,139,3.0,3.83,1
Dan Abnett,Malleus,Novel,Eisenhorn,2.0,2001,Fiction: Science Fiction: Grimdark,288,3.0,4.23,1
Robert Silverberg,Flies,Short Story,,,1967,Fiction: Science Fiction,13,3.0,4.17,1
Julian Barnes,Interference,Short Story,,,1994,Fiction: Literary,22,3.0,3.67,1
Brian W. Aldiss,Becoming a Full Butterfly,Short Story,,,1995,Fiction: Science Fiction,22,3.0,3.48,1
Joanna Russ,"""I Had Vacantly Crumpled It Into My Pocket ... But by God, Eliot, It Was a Photograph from Life!""",Short Story,,,1064,Fiction: Horror: Cosmic,9,3.0,4.12,1
J. K. Rowling,Harry Potter and the Deathly Hallows,Novel,Harry Potter,7.0,2007,Fiction: Fantasy: Low,759,3.0,4.62,1
Patrick Rothfuss,The Wise Man's Fear,Novel,The Kingkiller Chronicle,2.0,2011,Fiction: Fantasy: High,994,3.0,4.55,1
Tim Powers,On Stranger Tides,Novel,,,1987,Fiction: Fantasy,370,3.0,3.83,1
Thomas Pynchon,The Crying of Lot 49,Novel,,,1966,Fiction: Literary,152,3.0,3.69,1
Stephen King,Cell,Novel,,,2006,Fiction: Horror,449,3.0,3.66,1
Fei Dao,The Robot Who Liked to Tell Tall Tales,Novelette,,,2017,Fiction: Science Fiction,26,3.0,3.85,1
Dan Brown,Origin,Novel,Robert Langdon,5.0,2017,Fiction: Thriller,461,3.0,3.89,1
Dan Brown,The Lost Symbol,Novel,Robert Langdon,3.0,2009,Fiction: Thriller,509,3.0,3.75,1
Dan Brown,The Da Vinci Code,Novel,Robert Langdon,2.0,2003,Fiction: Thriller,489,3.0,3.91,1
Dan Brown,Inferno,Novel,Robert Langdon,4.0,2013,Fiction: Thriller,463,3.0,3.88,2
Roger Zelazny,"24 Views of Mt. Fuji, by Hokusai",Novella,,,1985,Fiction: Horror: Cosmic,53,3.0,4.12,1
Esther M. Friesner,Love's Eldritch Ichor,Novelette,,,1990,Fiction: Horror: Cosmic,21,3.0,4.12,1
Chuck Hogan,The Fall,Novel,The Strain,2.0,2010,Fiction: Horror,308,3.0,3.82,2
Cheng Jingbo,Under a Dangling Sky,Short Story,,,2004,Fiction: Science Fiction,12,3.0,3.85,1
P. J. Plauger,Child of All Ages,Short Story,,,1975,Fiction: Science Fiction,14,3.0,4.0,1
Gene Wolfe,Lord of the Land,Novelette,,,1990,Fiction: Horror: Cosmic,15,3.0,4.12,1
Anna Wul,The Restaurant at the End of the Universe: Laba Porridge,Short Story,,,2014,Fiction: Science Fiction,14,3.0,3.85,1
Philip K. Dick,Return Match,Short Story,,,1967,Fiction: Science Fiction,17,3.0,4.19,1
Philip K. Dick,Retreat Syndrome,Novelette,,,1965,Fiction: Science Fiction,25,3.0,4.2,1
Philip K. Dick,The Little Black Box,Novelette,,,1964,Fiction: Science Fiction,27,3.0,4.2,1
Gu Shi,Reflection,Short Story,,,2013,Fiction: Science Fiction,16,3.0,3.85,1
Philip K. Dick,Precious Artifact,Short Story,,,1964,Fiction: Science Fiction,17,3.0,4.2,1
Paula Hawkins,The Girl on the Train,Novel,,,2015,Fiction: Mystery,336,3.0,3.96,1
Frederik Pohl,The Day After the Day the Martians Came,Short Story,,,1967,Fiction: Science Fiction,10,3.0,4.17,1
Richard Matheson,Hell House,Novel,,,1971,Fiction: Horror,301,3.0,3.75,1
Raymond Chandler,The Big Sleep,Novel,Philip Marlowe,1.0,1939,Fiction: Crime,231,3.0,3.95,1
Ragina Kanyu Wang,The Brain Box,Short Story,,,2018,Fiction: Science Fiction,8,3.0,3.85,1
Douglas Adams,The Hitchhiker's Guide to the Galaxy,Novel,The Hitchhiker's Guide to the Galaxy,1.0,1979,Fiction: Science Fiction,216,3.0,4.23,1
Gahan Wilson,H.P.L.,Novelette,,,1990,Fiction: Horror: Cosmic,30,3.0,4.12,1
Fred Chappell,The Adder,Short Story,,,1989,Fiction: Horror: Cosmic,18,3.0,4.12,1
Brian W. Aldiss,Three Types of Solitude,Short Story,,,2001,Fiction: Science Fiction,18,3.0,3.48,1
Brian W. Aldiss,Steppenpferd,Short Story,,,2000,Fiction: Science Fiction,13,3.0,3.48,1
Yevgeny Zamyatin,We,Novel,,,1924,Fiction: Science Fiction: Dystopian,226,3.0,3.89,1
John Scalzi,Old Man's War,Novel,Old Man's War,1.0,2005,Fiction: Science Fiction,318,3.0,4.23,1
James Ellroy,My Dark Places,Non-Fiction,,,1996,Non-Fiction: Crime,427,3.0,3.85,1
James P. Blaylock,The Shadow on the Doorstep,Short Story,,,1986,Fiction: Horror: Cosmic,9,3.0,4.12,1
Theodore Sturgeon,More Than Human,Novel,,,1953,Fiction: Science Fiction,186,3.0,3.94,1
Ildefonso Falcones,La catedral del mar,Novel,La catedral del mar,1.0,2006,Fiction: Historical,670,3.0,4.15,1
Lester del Rey,Evensong,Short Story,,,1967,Fiction: Science Fiction,10,3.0,4.17,1
James Patrick Kelly,Solstice,Novelette,,,1985,Fiction: Science Fiction: Cyberpunk,39,3.0,3.95,1
Michael Shea,Fat Face,Novelette,,,1987,Fiction: Horror: Cosmic,24,3.0,4.12,1
Jaouen Salaün,Naissance,Graphic Novel,Elecboy,1.0,2021,Fiction: Science Fiction,64,3.0,2.96,1
Marc Laidlaw,400 Boys,Short Story,,,1985,Fiction: Science Fiction: Cyberpunk,16,3.0,3.95,1
Han Song,Submarines,Short Story,,,2014,Fiction: Science Fiction,12,3.0,3.85,1
Harlan Ellison,On the Slab,Short Story,,,1981,Fiction: Horror: Cosmic,9,3.0,4.12,1
Henry James,The Turn of the Screw,Novel,,,1898,Fiction: Horror: Gothic,121,3.0,3.39,1
Zhang Ran,The Snow of Jinyang,Novella,,,2014,Fiction: Science Fiction,62,3.0,3.85,1
Kim Newman,The Big Fish,Novelette,,,1993,Fiction: Horror: Cosmic,29,3.0,4.12,1
James Blish,A Case of Conscience,Novel,,,1958,Fiction: Science Fiction,256,3.0,3.62,1
H. P. Lovecraft,Sweet Ermengarde,Short Story,,,1943,Fiction: Horror: Cosmic,10,2.75,4.34,1
Chuck Hogan,The Night Eternal,Novel,The Strain,3.0,2011,Fiction: Horror,371,2.5,3.71,2
Stanisław Lem,Solaris,Novel,,,1961,Fiction: Science Fiction,204,2.5,3.99,1
Raymond Khoury,The Last Templar,Novel,Templar,1.0,2005,Fiction: Thriller,544,2.5,3.62,1
Brandon Sanderson,The Way of Kings,Novel,The Stormlight Archive,1.0,2010,Fiction: Fantasy: High,1007,2.5,4.66,1
Brian W. Aldiss,Dark Society,Short Story,,,1996,Fiction: Science Fiction,22,2.5,3.48,1
André Carneiro,The Mute,Short Story,,,1966,Fiction: Science Fiction,7,2.5,2.71,1
Dan Brown,The Secret of Secrets,Novel,Robert Langdon,6.0,2025,Fiction: Thriller,677,2.0,3.94,1
Christopher Golden,Uncharted: The Fourth Labyrinth,Novel,,,2011,Fiction: Adventure,322,2.0,3.68,1
John W. Campbell,Who Goes There?,Novella,,,1938,Fiction: Horror,161,2.0,3.8,1
John le Carré,The Spy Who Came In from the Cold,Novel,George Smiley,3.0,1963,Fiction: Crime,212,2.0,4.08,1
C. S. Lewis,"The Lion, the Witch and the Wardrobe",Novel,Chronicles of Narnia,1.0,1950,Fiction: Fantasy,206,1.0,4.23,1
Patrick Rothfuss,The Slow Regard of Silent Things,Novel,,,2014,Fiction: Fantasy: High,159,1.0,3.88,1
